task_id	dataset_id	file_name	target	framework	environment	seed	max_samples	window_size	time_budget_sec	sha256
0	adult	adult.csv	income	AutoStreamML	main	42	30000	1000	60	39e202102160619b5de6c3a1aaf75a525cc0a3452eda40d738aec0e002ecb5b8
1	adult	adult.csv	income	AutoStreamML	main	43	30000	1000	60	39e202102160619b5de6c3a1aaf75a525cc0a3452eda40d738aec0e002ecb5b8
2	adult	adult.csv	income	AutoStreamML	main	44	30000	1000	60	39e202102160619b5de6c3a1aaf75a525cc0a3452eda40d738aec0e002ecb5b8
3	adult	adult.csv	income	AutoClass	main	42	30000	1000	60	39e202102160619b5de6c3a1aaf75a525cc0a3452eda40d738aec0e002ecb5b8
4	adult	adult.csv	income	AutoClass	main	43	30000	1000	60	39e202102160619b5de6c3a1aaf75a525cc0a3452eda40d738aec0e002ecb5b8
5	adult	adult.csv	income	AutoClass	main	44	30000	1000	60	39e202102160619b5de6c3a1aaf75a525cc0a3452eda40d738aec0e002ecb5b8
6	adult	adult.csv	income	ChaCha	main	42	30000	1000	60	39e202102160619b5de6c3a1aaf75a525cc0a3452eda40d738aec0e002ecb5b8
7	adult	adult.csv	income	ChaCha	main	43	30000	1000	60	39e202102160619b5de6c3a1aaf75a525cc0a3452eda40d738aec0e002ecb5b8
8	adult	adult.csv	income	ChaCha	main	44	30000	1000	60	39e202102160619b5de6c3a1aaf75a525cc0a3452eda40d738aec0e002ecb5b8
9	adult	adult.csv	income	OAML	oaml	42	30000	1000	60	39e202102160619b5de6c3a1aaf75a525cc0a3452eda40d738aec0e002ecb5b8
10	adult	adult.csv	income	OAML	oaml	43	30000	1000	60	39e202102160619b5de6c3a1aaf75a525cc0a3452eda40d738aec0e002ecb5b8
11	adult	adult.csv	income	OAML	oaml	44	30000	1000	60	39e202102160619b5de6c3a1aaf75a525cc0a3452eda40d738aec0e002ecb5b8
12	adult	adult.csv	income	EvoAutoML	evo	42	30000	1000	60	39e202102160619b5de6c3a1aaf75a525cc0a3452eda40d738aec0e002ecb5b8
13	adult	adult.csv	income	EvoAutoML	evo	43	30000	1000	60	39e202102160619b5de6c3a1aaf75a525cc0a3452eda40d738aec0e002ecb5b8
14	adult	adult.csv	income	EvoAutoML	evo	44	30000	1000	60	39e202102160619b5de6c3a1aaf75a525cc0a3452eda40d738aec0e002ecb5b8
15	electricity	electricity.csv	class	AutoStreamML	main	42	30000	1000	60	ec71359e5f511f8513b349de0f18e878de7caf77488f562bada6e02f43a0b72a
16	electricity	electricity.csv	class	AutoStreamML	main	43	30000	1000	60	ec71359e5f511f8513b349de0f18e878de7caf77488f562bada6e02f43a0b72a
17	electricity	electricity.csv	class	AutoStreamML	main	44	30000	1000	60	ec71359e5f511f8513b349de0f18e878de7caf77488f562bada6e02f43a0b72a
18	electricity	electricity.csv	class	AutoClass	main	42	30000	1000	60	ec71359e5f511f8513b349de0f18e878de7caf77488f562bada6e02f43a0b72a
19	electricity	electricity.csv	class	AutoClass	main	43	30000	1000	60	ec71359e5f511f8513b349de0f18e878de7caf77488f562bada6e02f43a0b72a
20	electricity	electricity.csv	class	AutoClass	main	44	30000	1000	60	ec71359e5f511f8513b349de0f18e878de7caf77488f562bada6e02f43a0b72a
21	electricity	electricity.csv	class	ChaCha	main	42	30000	1000	60	ec71359e5f511f8513b349de0f18e878de7caf77488f562bada6e02f43a0b72a
22	electricity	electricity.csv	class	ChaCha	main	43	30000	1000	60	ec71359e5f511f8513b349de0f18e878de7caf77488f562bada6e02f43a0b72a
23	electricity	electricity.csv	class	ChaCha	main	44	30000	1000	60	ec71359e5f511f8513b349de0f18e878de7caf77488f562bada6e02f43a0b72a
24	electricity	electricity.csv	class	OAML	oaml	42	30000	1000	60	ec71359e5f511f8513b349de0f18e878de7caf77488f562bada6e02f43a0b72a
25	electricity	electricity.csv	class	OAML	oaml	43	30000	1000	60	ec71359e5f511f8513b349de0f18e878de7caf77488f562bada6e02f43a0b72a
26	electricity	electricity.csv	class	OAML	oaml	44	30000	1000	60	ec71359e5f511f8513b349de0f18e878de7caf77488f562bada6e02f43a0b72a
27	electricity	electricity.csv	class	EvoAutoML	evo	42	30000	1000	60	ec71359e5f511f8513b349de0f18e878de7caf77488f562bada6e02f43a0b72a
28	electricity	electricity.csv	class	EvoAutoML	evo	43	30000	1000	60	ec71359e5f511f8513b349de0f18e878de7caf77488f562bada6e02f43a0b72a
29	electricity	electricity.csv	class	EvoAutoML	evo	44	30000	1000	60	ec71359e5f511f8513b349de0f18e878de7caf77488f562bada6e02f43a0b72a
30	forest_cover	forest_cover.csv	class	AutoStreamML	main	42	30000	1000	60	65f9708917b40a1e0ff2e7f8d429decb23867b4a4c1cc370a9bc2a0c0476bac2
31	forest_cover	forest_cover.csv	class	AutoStreamML	main	43	30000	1000	60	65f9708917b40a1e0ff2e7f8d429decb23867b4a4c1cc370a9bc2a0c0476bac2
32	forest_cover	forest_cover.csv	class	AutoStreamML	main	44	30000	1000	60	65f9708917b40a1e0ff2e7f8d429decb23867b4a4c1cc370a9bc2a0c0476bac2
33	forest_cover	forest_cover.csv	class	AutoClass	main	42	30000	1000	60	65f9708917b40a1e0ff2e7f8d429decb23867b4a4c1cc370a9bc2a0c0476bac2
34	forest_cover	forest_cover.csv	class	AutoClass	main	43	30000	1000	60	65f9708917b40a1e0ff2e7f8d429decb23867b4a4c1cc370a9bc2a0c0476bac2
35	forest_cover	forest_cover.csv	class	AutoClass	main	44	30000	1000	60	65f9708917b40a1e0ff2e7f8d429decb23867b4a4c1cc370a9bc2a0c0476bac2
36	forest_cover	forest_cover.csv	class	ChaCha	main	42	30000	1000	60	65f9708917b40a1e0ff2e7f8d429decb23867b4a4c1cc370a9bc2a0c0476bac2
37	forest_cover	forest_cover.csv	class	ChaCha	main	43	30000	1000	60	65f9708917b40a1e0ff2e7f8d429decb23867b4a4c1cc370a9bc2a0c0476bac2
38	forest_cover	forest_cover.csv	class	ChaCha	main	44	30000	1000	60	65f9708917b40a1e0ff2e7f8d429decb23867b4a4c1cc370a9bc2a0c0476bac2
39	forest_cover	forest_cover.csv	class	OAML	oaml	42	30000	1000	60	65f9708917b40a1e0ff2e7f8d429decb23867b4a4c1cc370a9bc2a0c0476bac2
40	forest_cover	forest_cover.csv	class	OAML	oaml	43	30000	1000	60	65f9708917b40a1e0ff2e7f8d429decb23867b4a4c1cc370a9bc2a0c0476bac2
41	forest_cover	forest_cover.csv	class	OAML	oaml	44	30000	1000	60	65f9708917b40a1e0ff2e7f8d429decb23867b4a4c1cc370a9bc2a0c0476bac2
42	forest_cover	forest_cover.csv	class	EvoAutoML	evo	42	30000	1000	60	65f9708917b40a1e0ff2e7f8d429decb23867b4a4c1cc370a9bc2a0c0476bac2
43	forest_cover	forest_cover.csv	class	EvoAutoML	evo	43	30000	1000	60	65f9708917b40a1e0ff2e7f8d429decb23867b4a4c1cc370a9bc2a0c0476bac2
44	forest_cover	forest_cover.csv	class	EvoAutoML	evo	44	30000	1000	60	65f9708917b40a1e0ff2e7f8d429decb23867b4a4c1cc370a9bc2a0c0476bac2
45	hyperplane_high_gradual_drift	hyperplane_high_gradual_drift.csv	class	AutoStreamML	main	42	30000	1000	60	ae70dd8554138bad6354c93d4667c60ab53a5cb42dc5b132240a359751f6382e
46	hyperplane_high_gradual_drift	hyperplane_high_gradual_drift.csv	class	AutoStreamML	main	43	30000	1000	60	ae70dd8554138bad6354c93d4667c60ab53a5cb42dc5b132240a359751f6382e
47	hyperplane_high_gradual_drift	hyperplane_high_gradual_drift.csv	class	AutoStreamML	main	44	30000	1000	60	ae70dd8554138bad6354c93d4667c60ab53a5cb42dc5b132240a359751f6382e
48	hyperplane_high_gradual_drift	hyperplane_high_gradual_drift.csv	class	AutoClass	main	42	30000	1000	60	ae70dd8554138bad6354c93d4667c60ab53a5cb42dc5b132240a359751f6382e
49	hyperplane_high_gradual_drift	hyperplane_high_gradual_drift.csv	class	AutoClass	main	43	30000	1000	60	ae70dd8554138bad6354c93d4667c60ab53a5cb42dc5b132240a359751f6382e
50	hyperplane_high_gradual_drift	hyperplane_high_gradual_drift.csv	class	AutoClass	main	44	30000	1000	60	ae70dd8554138bad6354c93d4667c60ab53a5cb42dc5b132240a359751f6382e
51	hyperplane_high_gradual_drift	hyperplane_high_gradual_drift.csv	class	ChaCha	main	42	30000	1000	60	ae70dd8554138bad6354c93d4667c60ab53a5cb42dc5b132240a359751f6382e
52	hyperplane_high_gradual_drift	hyperplane_high_gradual_drift.csv	class	ChaCha	main	43	30000	1000	60	ae70dd8554138bad6354c93d4667c60ab53a5cb42dc5b132240a359751f6382e
53	hyperplane_high_gradual_drift	hyperplane_high_gradual_drift.csv	class	ChaCha	main	44	30000	1000	60	ae70dd8554138bad6354c93d4667c60ab53a5cb42dc5b132240a359751f6382e
54	hyperplane_high_gradual_drift	hyperplane_high_gradual_drift.csv	class	OAML	oaml	42	30000	1000	60	ae70dd8554138bad6354c93d4667c60ab53a5cb42dc5b132240a359751f6382e
55	hyperplane_high_gradual_drift	hyperplane_high_gradual_drift.csv	class	OAML	oaml	43	30000	1000	60	ae70dd8554138bad6354c93d4667c60ab53a5cb42dc5b132240a359751f6382e
56	hyperplane_high_gradual_drift	hyperplane_high_gradual_drift.csv	class	OAML	oaml	44	30000	1000	60	ae70dd8554138bad6354c93d4667c60ab53a5cb42dc5b132240a359751f6382e
57	hyperplane_high_gradual_drift	hyperplane_high_gradual_drift.csv	class	EvoAutoML	evo	42	30000	1000	60	ae70dd8554138bad6354c93d4667c60ab53a5cb42dc5b132240a359751f6382e
58	hyperplane_high_gradual_drift	hyperplane_high_gradual_drift.csv	class	EvoAutoML	evo	43	30000	1000	60	ae70dd8554138bad6354c93d4667c60ab53a5cb42dc5b132240a359751f6382e
59	hyperplane_high_gradual_drift	hyperplane_high_gradual_drift.csv	class	EvoAutoML	evo	44	30000	1000	60	ae70dd8554138bad6354c93d4667c60ab53a5cb42dc5b132240a359751f6382e
60	insects	insects.csv	class	AutoStreamML	main	42	30000	1000	60	cf11f6cf52c118d6aecebe5c206471230c1d262f1144d0c3d91f9ef529218ae1
61	insects	insects.csv	class	AutoStreamML	main	43	30000	1000	60	cf11f6cf52c118d6aecebe5c206471230c1d262f1144d0c3d91f9ef529218ae1
62	insects	insects.csv	class	AutoStreamML	main	44	30000	1000	60	cf11f6cf52c118d6aecebe5c206471230c1d262f1144d0c3d91f9ef529218ae1
63	insects	insects.csv	class	AutoClass	main	42	30000	1000	60	cf11f6cf52c118d6aecebe5c206471230c1d262f1144d0c3d91f9ef529218ae1
64	insects	insects.csv	class	AutoClass	main	43	30000	1000	60	cf11f6cf52c118d6aecebe5c206471230c1d262f1144d0c3d91f9ef529218ae1
65	insects	insects.csv	class	AutoClass	main	44	30000	1000	60	cf11f6cf52c118d6aecebe5c206471230c1d262f1144d0c3d91f9ef529218ae1
66	insects	insects.csv	class	ChaCha	main	42	30000	1000	60	cf11f6cf52c118d6aecebe5c206471230c1d262f1144d0c3d91f9ef529218ae1
67	insects	insects.csv	class	ChaCha	main	43	30000	1000	60	cf11f6cf52c118d6aecebe5c206471230c1d262f1144d0c3d91f9ef529218ae1
68	insects	insects.csv	class	ChaCha	main	44	30000	1000	60	cf11f6cf52c118d6aecebe5c206471230c1d262f1144d0c3d91f9ef529218ae1
69	insects	insects.csv	class	OAML	oaml	42	30000	1000	60	cf11f6cf52c118d6aecebe5c206471230c1d262f1144d0c3d91f9ef529218ae1
70	insects	insects.csv	class	OAML	oaml	43	30000	1000	60	cf11f6cf52c118d6aecebe5c206471230c1d262f1144d0c3d91f9ef529218ae1
71	insects	insects.csv	class	OAML	oaml	44	30000	1000	60	cf11f6cf52c118d6aecebe5c206471230c1d262f1144d0c3d91f9ef529218ae1
72	insects	insects.csv	class	EvoAutoML	evo	42	30000	1000	60	cf11f6cf52c118d6aecebe5c206471230c1d262f1144d0c3d91f9ef529218ae1
73	insects	insects.csv	class	EvoAutoML	evo	43	30000	1000	60	cf11f6cf52c118d6aecebe5c206471230c1d262f1144d0c3d91f9ef529218ae1
74	insects	insects.csv	class	EvoAutoML	evo	44	30000	1000	60	cf11f6cf52c118d6aecebe5c206471230c1d262f1144d0c3d91f9ef529218ae1
75	movingRBF	movingRBF.csv	class	AutoStreamML	main	42	30000	1000	60	8264a5094978ff2b34765b0e6da277ff26f5c6b133a8730d415b1bd359797f8e
76	movingRBF	movingRBF.csv	class	AutoStreamML	main	43	30000	1000	60	8264a5094978ff2b34765b0e6da277ff26f5c6b133a8730d415b1bd359797f8e
77	movingRBF	movingRBF.csv	class	AutoStreamML	main	44	30000	1000	60	8264a5094978ff2b34765b0e6da277ff26f5c6b133a8730d415b1bd359797f8e
78	movingRBF	movingRBF.csv	class	AutoClass	main	42	30000	1000	60	8264a5094978ff2b34765b0e6da277ff26f5c6b133a8730d415b1bd359797f8e
79	movingRBF	movingRBF.csv	class	AutoClass	main	43	30000	1000	60	8264a5094978ff2b34765b0e6da277ff26f5c6b133a8730d415b1bd359797f8e
80	movingRBF	movingRBF.csv	class	AutoClass	main	44	30000	1000	60	8264a5094978ff2b34765b0e6da277ff26f5c6b133a8730d415b1bd359797f8e
81	movingRBF	movingRBF.csv	class	ChaCha	main	42	30000	1000	60	8264a5094978ff2b34765b0e6da277ff26f5c6b133a8730d415b1bd359797f8e
82	movingRBF	movingRBF.csv	class	ChaCha	main	43	30000	1000	60	8264a5094978ff2b34765b0e6da277ff26f5c6b133a8730d415b1bd359797f8e
83	movingRBF	movingRBF.csv	class	ChaCha	main	44	30000	1000	60	8264a5094978ff2b34765b0e6da277ff26f5c6b133a8730d415b1bd359797f8e
84	movingRBF	movingRBF.csv	class	OAML	oaml	42	30000	1000	60	8264a5094978ff2b34765b0e6da277ff26f5c6b133a8730d415b1bd359797f8e
85	movingRBF	movingRBF.csv	class	OAML	oaml	43	30000	1000	60	8264a5094978ff2b34765b0e6da277ff26f5c6b133a8730d415b1bd359797f8e
86	movingRBF	movingRBF.csv	class	OAML	oaml	44	30000	1000	60	8264a5094978ff2b34765b0e6da277ff26f5c6b133a8730d415b1bd359797f8e
87	movingRBF	movingRBF.csv	class	EvoAutoML	evo	42	30000	1000	60	8264a5094978ff2b34765b0e6da277ff26f5c6b133a8730d415b1bd359797f8e
88	movingRBF	movingRBF.csv	class	EvoAutoML	evo	43	30000	1000	60	8264a5094978ff2b34765b0e6da277ff26f5c6b133a8730d415b1bd359797f8e
89	movingRBF	movingRBF.csv	class	EvoAutoML	evo	44	30000	1000	60	8264a5094978ff2b34765b0e6da277ff26f5c6b133a8730d415b1bd359797f8e
90	moving_squares	moving_squares.csv	class	AutoStreamML	main	42	30000	1000	60	f24cc07a74f9577d15d986deb77dcb05a040003db433ac08859d9267a8f7a190
91	moving_squares	moving_squares.csv	class	AutoStreamML	main	43	30000	1000	60	f24cc07a74f9577d15d986deb77dcb05a040003db433ac08859d9267a8f7a190
92	moving_squares	moving_squares.csv	class	AutoStreamML	main	44	30000	1000	60	f24cc07a74f9577d15d986deb77dcb05a040003db433ac08859d9267a8f7a190
93	moving_squares	moving_squares.csv	class	AutoClass	main	42	30000	1000	60	f24cc07a74f9577d15d986deb77dcb05a040003db433ac08859d9267a8f7a190
94	moving_squares	moving_squares.csv	class	AutoClass	main	43	30000	1000	60	f24cc07a74f9577d15d986deb77dcb05a040003db433ac08859d9267a8f7a190
95	moving_squares	moving_squares.csv	class	AutoClass	main	44	30000	1000	60	f24cc07a74f9577d15d986deb77dcb05a040003db433ac08859d9267a8f7a190
96	moving_squares	moving_squares.csv	class	ChaCha	main	42	30000	1000	60	f24cc07a74f9577d15d986deb77dcb05a040003db433ac08859d9267a8f7a190
97	moving_squares	moving_squares.csv	class	ChaCha	main	43	30000	1000	60	f24cc07a74f9577d15d986deb77dcb05a040003db433ac08859d9267a8f7a190
98	moving_squares	moving_squares.csv	class	ChaCha	main	44	30000	1000	60	f24cc07a74f9577d15d986deb77dcb05a040003db433ac08859d9267a8f7a190
99	moving_squares	moving_squares.csv	class	OAML	oaml	42	30000	1000	60	f24cc07a74f9577d15d986deb77dcb05a040003db433ac08859d9267a8f7a190
100	moving_squares	moving_squares.csv	class	OAML	oaml	43	30000	1000	60	f24cc07a74f9577d15d986deb77dcb05a040003db433ac08859d9267a8f7a190
101	moving_squares	moving_squares.csv	class	OAML	oaml	44	30000	1000	60	f24cc07a74f9577d15d986deb77dcb05a040003db433ac08859d9267a8f7a190
102	moving_squares	moving_squares.csv	class	EvoAutoML	evo	42	30000	1000	60	f24cc07a74f9577d15d986deb77dcb05a040003db433ac08859d9267a8f7a190
103	moving_squares	moving_squares.csv	class	EvoAutoML	evo	43	30000	1000	60	f24cc07a74f9577d15d986deb77dcb05a040003db433ac08859d9267a8f7a190
104	moving_squares	moving_squares.csv	class	EvoAutoML	evo	44	30000	1000	60	f24cc07a74f9577d15d986deb77dcb05a040003db433ac08859d9267a8f7a190
105	new_airlines	new_airlines.csv	class	AutoStreamML	main	42	30000	1000	60	6dd69e03db211df9762922d2b82d43c6ea370635b226715b5dfb4254bbaa443c
106	new_airlines	new_airlines.csv	class	AutoStreamML	main	43	30000	1000	60	6dd69e03db211df9762922d2b82d43c6ea370635b226715b5dfb4254bbaa443c
107	new_airlines	new_airlines.csv	class	AutoStreamML	main	44	30000	1000	60	6dd69e03db211df9762922d2b82d43c6ea370635b226715b5dfb4254bbaa443c
108	new_airlines	new_airlines.csv	class	AutoClass	main	42	30000	1000	60	6dd69e03db211df9762922d2b82d43c6ea370635b226715b5dfb4254bbaa443c
109	new_airlines	new_airlines.csv	class	AutoClass	main	43	30000	1000	60	6dd69e03db211df9762922d2b82d43c6ea370635b226715b5dfb4254bbaa443c
110	new_airlines	new_airlines.csv	class	AutoClass	main	44	30000	1000	60	6dd69e03db211df9762922d2b82d43c6ea370635b226715b5dfb4254bbaa443c
111	new_airlines	new_airlines.csv	class	ChaCha	main	42	30000	1000	60	6dd69e03db211df9762922d2b82d43c6ea370635b226715b5dfb4254bbaa443c
112	new_airlines	new_airlines.csv	class	ChaCha	main	43	30000	1000	60	6dd69e03db211df9762922d2b82d43c6ea370635b226715b5dfb4254bbaa443c
113	new_airlines	new_airlines.csv	class	ChaCha	main	44	30000	1000	60	6dd69e03db211df9762922d2b82d43c6ea370635b226715b5dfb4254bbaa443c
114	new_airlines	new_airlines.csv	class	OAML	oaml	42	30000	1000	60	6dd69e03db211df9762922d2b82d43c6ea370635b226715b5dfb4254bbaa443c
115	new_airlines	new_airlines.csv	class	OAML	oaml	43	30000	1000	60	6dd69e03db211df9762922d2b82d43c6ea370635b226715b5dfb4254bbaa443c
116	new_airlines	new_airlines.csv	class	OAML	oaml	44	30000	1000	60	6dd69e03db211df9762922d2b82d43c6ea370635b226715b5dfb4254bbaa443c
117	new_airlines	new_airlines.csv	class	EvoAutoML	evo	42	30000	1000	60	6dd69e03db211df9762922d2b82d43c6ea370635b226715b5dfb4254bbaa443c
118	new_airlines	new_airlines.csv	class	EvoAutoML	evo	43	30000	1000	60	6dd69e03db211df9762922d2b82d43c6ea370635b226715b5dfb4254bbaa443c
119	new_airlines	new_airlines.csv	class	EvoAutoML	evo	44	30000	1000	60	6dd69e03db211df9762922d2b82d43c6ea370635b226715b5dfb4254bbaa443c
120	rialto	rialto.csv	class	AutoStreamML	main	42	30000	1000	60	410f0b4881b90b19cf072826aa30eeb8df640035f661504a70efc6c77d9c189c
121	rialto	rialto.csv	class	AutoStreamML	main	43	30000	1000	60	410f0b4881b90b19cf072826aa30eeb8df640035f661504a70efc6c77d9c189c
122	rialto	rialto.csv	class	AutoStreamML	main	44	30000	1000	60	410f0b4881b90b19cf072826aa30eeb8df640035f661504a70efc6c77d9c189c
123	rialto	rialto.csv	class	AutoClass	main	42	30000	1000	60	410f0b4881b90b19cf072826aa30eeb8df640035f661504a70efc6c77d9c189c
124	rialto	rialto.csv	class	AutoClass	main	43	30000	1000	60	410f0b4881b90b19cf072826aa30eeb8df640035f661504a70efc6c77d9c189c
125	rialto	rialto.csv	class	AutoClass	main	44	30000	1000	60	410f0b4881b90b19cf072826aa30eeb8df640035f661504a70efc6c77d9c189c
126	rialto	rialto.csv	class	ChaCha	main	42	30000	1000	60	410f0b4881b90b19cf072826aa30eeb8df640035f661504a70efc6c77d9c189c
127	rialto	rialto.csv	class	ChaCha	main	43	30000	1000	60	410f0b4881b90b19cf072826aa30eeb8df640035f661504a70efc6c77d9c189c
128	rialto	rialto.csv	class	ChaCha	main	44	30000	1000	60	410f0b4881b90b19cf072826aa30eeb8df640035f661504a70efc6c77d9c189c
129	rialto	rialto.csv	class	OAML	oaml	42	30000	1000	60	410f0b4881b90b19cf072826aa30eeb8df640035f661504a70efc6c77d9c189c
130	rialto	rialto.csv	class	OAML	oaml	43	30000	1000	60	410f0b4881b90b19cf072826aa30eeb8df640035f661504a70efc6c77d9c189c
131	rialto	rialto.csv	class	OAML	oaml	44	30000	1000	60	410f0b4881b90b19cf072826aa30eeb8df640035f661504a70efc6c77d9c189c
132	rialto	rialto.csv	class	EvoAutoML	evo	42	30000	1000	60	410f0b4881b90b19cf072826aa30eeb8df640035f661504a70efc6c77d9c189c
133	rialto	rialto.csv	class	EvoAutoML	evo	43	30000	1000	60	410f0b4881b90b19cf072826aa30eeb8df640035f661504a70efc6c77d9c189c
134	rialto	rialto.csv	class	EvoAutoML	evo	44	30000	1000	60	410f0b4881b90b19cf072826aa30eeb8df640035f661504a70efc6c77d9c189c
135	river_SEA	river_SEA.csv	class	AutoStreamML	main	42	30000	1000	60	ed5a67b0e6ffa399024eba55911ed8b2c873118affa68d2e36a80e02d6ffdf6d
136	river_SEA	river_SEA.csv	class	AutoStreamML	main	43	30000	1000	60	ed5a67b0e6ffa399024eba55911ed8b2c873118affa68d2e36a80e02d6ffdf6d
137	river_SEA	river_SEA.csv	class	AutoStreamML	main	44	30000	1000	60	ed5a67b0e6ffa399024eba55911ed8b2c873118affa68d2e36a80e02d6ffdf6d
138	river_SEA	river_SEA.csv	class	AutoClass	main	42	30000	1000	60	ed5a67b0e6ffa399024eba55911ed8b2c873118affa68d2e36a80e02d6ffdf6d
139	river_SEA	river_SEA.csv	class	AutoClass	main	43	30000	1000	60	ed5a67b0e6ffa399024eba55911ed8b2c873118affa68d2e36a80e02d6ffdf6d
140	river_SEA	river_SEA.csv	class	AutoClass	main	44	30000	1000	60	ed5a67b0e6ffa399024eba55911ed8b2c873118affa68d2e36a80e02d6ffdf6d
141	river_SEA	river_SEA.csv	class	ChaCha	main	42	30000	1000	60	ed5a67b0e6ffa399024eba55911ed8b2c873118affa68d2e36a80e02d6ffdf6d
142	river_SEA	river_SEA.csv	class	ChaCha	main	43	30000	1000	60	ed5a67b0e6ffa399024eba55911ed8b2c873118affa68d2e36a80e02d6ffdf6d
143	river_SEA	river_SEA.csv	class	ChaCha	main	44	30000	1000	60	ed5a67b0e6ffa399024eba55911ed8b2c873118affa68d2e36a80e02d6ffdf6d
144	river_SEA	river_SEA.csv	class	OAML	oaml	42	30000	1000	60	ed5a67b0e6ffa399024eba55911ed8b2c873118affa68d2e36a80e02d6ffdf6d
145	river_SEA	river_SEA.csv	class	OAML	oaml	43	30000	1000	60	ed5a67b0e6ffa399024eba55911ed8b2c873118affa68d2e36a80e02d6ffdf6d
146	river_SEA	river_SEA.csv	class	OAML	oaml	44	30000	1000	60	ed5a67b0e6ffa399024eba55911ed8b2c873118affa68d2e36a80e02d6ffdf6d
147	river_SEA	river_SEA.csv	class	EvoAutoML	evo	42	30000	1000	60	ed5a67b0e6ffa399024eba55911ed8b2c873118affa68d2e36a80e02d6ffdf6d
148	river_SEA	river_SEA.csv	class	EvoAutoML	evo	43	30000	1000	60	ed5a67b0e6ffa399024eba55911ed8b2c873118affa68d2e36a80e02d6ffdf6d
149	river_SEA	river_SEA.csv	class	EvoAutoML	evo	44	30000	1000	60	ed5a67b0e6ffa399024eba55911ed8b2c873118affa68d2e36a80e02d6ffdf6d
150	river_SEA_2	river_SEA_2.csv	class	AutoStreamML	main	42	30000	1000	60	55c4b0eb2d842a6abac82156648be74283a15aceac8312637bd1b3329ba203e4
151	river_SEA_2	river_SEA_2.csv	class	AutoStreamML	main	43	30000	1000	60	55c4b0eb2d842a6abac82156648be74283a15aceac8312637bd1b3329ba203e4
152	river_SEA_2	river_SEA_2.csv	class	AutoStreamML	main	44	30000	1000	60	55c4b0eb2d842a6abac82156648be74283a15aceac8312637bd1b3329ba203e4
153	river_SEA_2	river_SEA_2.csv	class	AutoClass	main	42	30000	1000	60	55c4b0eb2d842a6abac82156648be74283a15aceac8312637bd1b3329ba203e4
154	river_SEA_2	river_SEA_2.csv	class	AutoClass	main	43	30000	1000	60	55c4b0eb2d842a6abac82156648be74283a15aceac8312637bd1b3329ba203e4
155	river_SEA_2	river_SEA_2.csv	class	AutoClass	main	44	30000	1000	60	55c4b0eb2d842a6abac82156648be74283a15aceac8312637bd1b3329ba203e4
156	river_SEA_2	river_SEA_2.csv	class	ChaCha	main	42	30000	1000	60	55c4b0eb2d842a6abac82156648be74283a15aceac8312637bd1b3329ba203e4
157	river_SEA_2	river_SEA_2.csv	class	ChaCha	main	43	30000	1000	60	55c4b0eb2d842a6abac82156648be74283a15aceac8312637bd1b3329ba203e4
158	river_SEA_2	river_SEA_2.csv	class	ChaCha	main	44	30000	1000	60	55c4b0eb2d842a6abac82156648be74283a15aceac8312637bd1b3329ba203e4
159	river_SEA_2	river_SEA_2.csv	class	OAML	oaml	42	30000	1000	60	55c4b0eb2d842a6abac82156648be74283a15aceac8312637bd1b3329ba203e4
160	river_SEA_2	river_SEA_2.csv	class	OAML	oaml	43	30000	1000	60	55c4b0eb2d842a6abac82156648be74283a15aceac8312637bd1b3329ba203e4
161	river_SEA_2	river_SEA_2.csv	class	OAML	oaml	44	30000	1000	60	55c4b0eb2d842a6abac82156648be74283a15aceac8312637bd1b3329ba203e4
162	river_SEA_2	river_SEA_2.csv	class	EvoAutoML	evo	42	30000	1000	60	55c4b0eb2d842a6abac82156648be74283a15aceac8312637bd1b3329ba203e4
163	river_SEA_2	river_SEA_2.csv	class	EvoAutoML	evo	43	30000	1000	60	55c4b0eb2d842a6abac82156648be74283a15aceac8312637bd1b3329ba203e4
164	river_SEA_2	river_SEA_2.csv	class	EvoAutoML	evo	44	30000	1000	60	55c4b0eb2d842a6abac82156648be74283a15aceac8312637bd1b3329ba203e4
165	river_SINE	river_SINE.csv	class	AutoStreamML	main	42	30000	1000	60	eb49e73b33cf878ab399d33ffebd8dae8837c396d1dc53f504b5a4a1a0112831
166	river_SINE	river_SINE.csv	class	AutoStreamML	main	43	30000	1000	60	eb49e73b33cf878ab399d33ffebd8dae8837c396d1dc53f504b5a4a1a0112831
167	river_SINE	river_SINE.csv	class	AutoStreamML	main	44	30000	1000	60	eb49e73b33cf878ab399d33ffebd8dae8837c396d1dc53f504b5a4a1a0112831
168	river_SINE	river_SINE.csv	class	AutoClass	main	42	30000	1000	60	eb49e73b33cf878ab399d33ffebd8dae8837c396d1dc53f504b5a4a1a0112831
169	river_SINE	river_SINE.csv	class	AutoClass	main	43	30000	1000	60	eb49e73b33cf878ab399d33ffebd8dae8837c396d1dc53f504b5a4a1a0112831
170	river_SINE	river_SINE.csv	class	AutoClass	main	44	30000	1000	60	eb49e73b33cf878ab399d33ffebd8dae8837c396d1dc53f504b5a4a1a0112831
171	river_SINE	river_SINE.csv	class	ChaCha	main	42	30000	1000	60	eb49e73b33cf878ab399d33ffebd8dae8837c396d1dc53f504b5a4a1a0112831
172	river_SINE	river_SINE.csv	class	ChaCha	main	43	30000	1000	60	eb49e73b33cf878ab399d33ffebd8dae8837c396d1dc53f504b5a4a1a0112831
173	river_SINE	river_SINE.csv	class	ChaCha	main	44	30000	1000	60	eb49e73b33cf878ab399d33ffebd8dae8837c396d1dc53f504b5a4a1a0112831
174	river_SINE	river_SINE.csv	class	OAML	oaml	42	30000	1000	60	eb49e73b33cf878ab399d33ffebd8dae8837c396d1dc53f504b5a4a1a0112831
175	river_SINE	river_SINE.csv	class	OAML	oaml	43	30000	1000	60	eb49e73b33cf878ab399d33ffebd8dae8837c396d1dc53f504b5a4a1a0112831
176	river_SINE	river_SINE.csv	class	OAML	oaml	44	30000	1000	60	eb49e73b33cf878ab399d33ffebd8dae8837c396d1dc53f504b5a4a1a0112831
177	river_SINE	river_SINE.csv	class	EvoAutoML	evo	42	30000	1000	60	eb49e73b33cf878ab399d33ffebd8dae8837c396d1dc53f504b5a4a1a0112831
178	river_SINE	river_SINE.csv	class	EvoAutoML	evo	43	30000	1000	60	eb49e73b33cf878ab399d33ffebd8dae8837c396d1dc53f504b5a4a1a0112831
179	river_SINE	river_SINE.csv	class	EvoAutoML	evo	44	30000	1000	60	eb49e73b33cf878ab399d33ffebd8dae8837c396d1dc53f504b5a4a1a0112831
180	river_STAGGER	river_STAGGER.csv	class	AutoStreamML	main	42	30000	1000	60	ed72aad21ea5ef2f4565c996a7bb8afb4fcc8dad1b1714a0a465fcce2b47b447
181	river_STAGGER	river_STAGGER.csv	class	AutoStreamML	main	43	30000	1000	60	ed72aad21ea5ef2f4565c996a7bb8afb4fcc8dad1b1714a0a465fcce2b47b447
182	river_STAGGER	river_STAGGER.csv	class	AutoStreamML	main	44	30000	1000	60	ed72aad21ea5ef2f4565c996a7bb8afb4fcc8dad1b1714a0a465fcce2b47b447
183	river_STAGGER	river_STAGGER.csv	class	AutoClass	main	42	30000	1000	60	ed72aad21ea5ef2f4565c996a7bb8afb4fcc8dad1b1714a0a465fcce2b47b447
184	river_STAGGER	river_STAGGER.csv	class	AutoClass	main	43	30000	1000	60	ed72aad21ea5ef2f4565c996a7bb8afb4fcc8dad1b1714a0a465fcce2b47b447
185	river_STAGGER	river_STAGGER.csv	class	AutoClass	main	44	30000	1000	60	ed72aad21ea5ef2f4565c996a7bb8afb4fcc8dad1b1714a0a465fcce2b47b447
186	river_STAGGER	river_STAGGER.csv	class	ChaCha	main	42	30000	1000	60	ed72aad21ea5ef2f4565c996a7bb8afb4fcc8dad1b1714a0a465fcce2b47b447
187	river_STAGGER	river_STAGGER.csv	class	ChaCha	main	43	30000	1000	60	ed72aad21ea5ef2f4565c996a7bb8afb4fcc8dad1b1714a0a465fcce2b47b447
188	river_STAGGER	river_STAGGER.csv	class	ChaCha	main	44	30000	1000	60	ed72aad21ea5ef2f4565c996a7bb8afb4fcc8dad1b1714a0a465fcce2b47b447
189	river_STAGGER	river_STAGGER.csv	class	OAML	oaml	42	30000	1000	60	ed72aad21ea5ef2f4565c996a7bb8afb4fcc8dad1b1714a0a465fcce2b47b447
190	river_STAGGER	river_STAGGER.csv	class	OAML	oaml	43	30000	1000	60	ed72aad21ea5ef2f4565c996a7bb8afb4fcc8dad1b1714a0a465fcce2b47b447
191	river_STAGGER	river_STAGGER.csv	class	OAML	oaml	44	30000	1000	60	ed72aad21ea5ef2f4565c996a7bb8afb4fcc8dad1b1714a0a465fcce2b47b447
192	river_STAGGER	river_STAGGER.csv	class	EvoAutoML	evo	42	30000	1000	60	ed72aad21ea5ef2f4565c996a7bb8afb4fcc8dad1b1714a0a465fcce2b47b447
193	river_STAGGER	river_STAGGER.csv	class	EvoAutoML	evo	43	30000	1000	60	ed72aad21ea5ef2f4565c996a7bb8afb4fcc8dad1b1714a0a465fcce2b47b447
194	river_STAGGER	river_STAGGER.csv	class	EvoAutoML	evo	44	30000	1000	60	ed72aad21ea5ef2f4565c996a7bb8afb4fcc8dad1b1714a0a465fcce2b47b447
195	river_Waveform	river_Waveform.csv	class	AutoStreamML	main	42	30000	1000	60	c82b880a97a8d014f223602d663e26f2b50bccde31c1b81e1b1de38295d680a5
196	river_Waveform	river_Waveform.csv	class	AutoStreamML	main	43	30000	1000	60	c82b880a97a8d014f223602d663e26f2b50bccde31c1b81e1b1de38295d680a5
197	river_Waveform	river_Waveform.csv	class	AutoStreamML	main	44	30000	1000	60	c82b880a97a8d014f223602d663e26f2b50bccde31c1b81e1b1de38295d680a5
198	river_Waveform	river_Waveform.csv	class	AutoClass	main	42	30000	1000	60	c82b880a97a8d014f223602d663e26f2b50bccde31c1b81e1b1de38295d680a5
199	river_Waveform	river_Waveform.csv	class	AutoClass	main	43	30000	1000	60	c82b880a97a8d014f223602d663e26f2b50bccde31c1b81e1b1de38295d680a5
200	river_Waveform	river_Waveform.csv	class	AutoClass	main	44	30000	1000	60	c82b880a97a8d014f223602d663e26f2b50bccde31c1b81e1b1de38295d680a5
201	river_Waveform	river_Waveform.csv	class	ChaCha	main	42	30000	1000	60	c82b880a97a8d014f223602d663e26f2b50bccde31c1b81e1b1de38295d680a5
202	river_Waveform	river_Waveform.csv	class	ChaCha	main	43	30000	1000	60	c82b880a97a8d014f223602d663e26f2b50bccde31c1b81e1b1de38295d680a5
203	river_Waveform	river_Waveform.csv	class	ChaCha	main	44	30000	1000	60	c82b880a97a8d014f223602d663e26f2b50bccde31c1b81e1b1de38295d680a5
204	river_Waveform	river_Waveform.csv	class	OAML	oaml	42	30000	1000	60	c82b880a97a8d014f223602d663e26f2b50bccde31c1b81e1b1de38295d680a5
205	river_Waveform	river_Waveform.csv	class	OAML	oaml	43	30000	1000	60	c82b880a97a8d014f223602d663e26f2b50bccde31c1b81e1b1de38295d680a5
206	river_Waveform	river_Waveform.csv	class	OAML	oaml	44	30000	1000	60	c82b880a97a8d014f223602d663e26f2b50bccde31c1b81e1b1de38295d680a5
207	river_Waveform	river_Waveform.csv	class	EvoAutoML	evo	42	30000	1000	60	c82b880a97a8d014f223602d663e26f2b50bccde31c1b81e1b1de38295d680a5
208	river_Waveform	river_Waveform.csv	class	EvoAutoML	evo	43	30000	1000	60	c82b880a97a8d014f223602d663e26f2b50bccde31c1b81e1b1de38295d680a5
209	river_Waveform	river_Waveform.csv	class	EvoAutoML	evo	44	30000	1000	60	c82b880a97a8d014f223602d663e26f2b50bccde31c1b81e1b1de38295d680a5
210	river_Waveform_2	river_Waveform_2.csv	class	AutoStreamML	main	42	30000	1000	60	f9e2738d49d53290f542c8400841a0909f9cd203e4b9da65a52de7dbd9c7d69d
211	river_Waveform_2	river_Waveform_2.csv	class	AutoStreamML	main	43	30000	1000	60	f9e2738d49d53290f542c8400841a0909f9cd203e4b9da65a52de7dbd9c7d69d
212	river_Waveform_2	river_Waveform_2.csv	class	AutoStreamML	main	44	30000	1000	60	f9e2738d49d53290f542c8400841a0909f9cd203e4b9da65a52de7dbd9c7d69d
213	river_Waveform_2	river_Waveform_2.csv	class	AutoClass	main	42	30000	1000	60	f9e2738d49d53290f542c8400841a0909f9cd203e4b9da65a52de7dbd9c7d69d
214	river_Waveform_2	river_Waveform_2.csv	class	AutoClass	main	43	30000	1000	60	f9e2738d49d53290f542c8400841a0909f9cd203e4b9da65a52de7dbd9c7d69d
215	river_Waveform_2	river_Waveform_2.csv	class	AutoClass	main	44	30000	1000	60	f9e2738d49d53290f542c8400841a0909f9cd203e4b9da65a52de7dbd9c7d69d
216	river_Waveform_2	river_Waveform_2.csv	class	ChaCha	main	42	30000	1000	60	f9e2738d49d53290f542c8400841a0909f9cd203e4b9da65a52de7dbd9c7d69d
217	river_Waveform_2	river_Waveform_2.csv	class	ChaCha	main	43	30000	1000	60	f9e2738d49d53290f542c8400841a0909f9cd203e4b9da65a52de7dbd9c7d69d
218	river_Waveform_2	river_Waveform_2.csv	class	ChaCha	main	44	30000	1000	60	f9e2738d49d53290f542c8400841a0909f9cd203e4b9da65a52de7dbd9c7d69d
219	river_Waveform_2	river_Waveform_2.csv	class	OAML	oaml	42	30000	1000	60	f9e2738d49d53290f542c8400841a0909f9cd203e4b9da65a52de7dbd9c7d69d
220	river_Waveform_2	river_Waveform_2.csv	class	OAML	oaml	43	30000	1000	60	f9e2738d49d53290f542c8400841a0909f9cd203e4b9da65a52de7dbd9c7d69d
221	river_Waveform_2	river_Waveform_2.csv	class	OAML	oaml	44	30000	1000	60	f9e2738d49d53290f542c8400841a0909f9cd203e4b9da65a52de7dbd9c7d69d
222	river_Waveform_2	river_Waveform_2.csv	class	EvoAutoML	evo	42	30000	1000	60	f9e2738d49d53290f542c8400841a0909f9cd203e4b9da65a52de7dbd9c7d69d
223	river_Waveform_2	river_Waveform_2.csv	class	EvoAutoML	evo	43	30000	1000	60	f9e2738d49d53290f542c8400841a0909f9cd203e4b9da65a52de7dbd9c7d69d
224	river_Waveform_2	river_Waveform_2.csv	class	EvoAutoML	evo	44	30000	1000	60	f9e2738d49d53290f542c8400841a0909f9cd203e4b9da65a52de7dbd9c7d69d
225	river_aggrawal	river_aggrawal.csv	class	AutoStreamML	main	42	30000	1000	60	06d976207ad88f5361ab14de12bba8c15d12ea54d740d5df45f51c5b5811c30f
226	river_aggrawal	river_aggrawal.csv	class	AutoStreamML	main	43	30000	1000	60	06d976207ad88f5361ab14de12bba8c15d12ea54d740d5df45f51c5b5811c30f
227	river_aggrawal	river_aggrawal.csv	class	AutoStreamML	main	44	30000	1000	60	06d976207ad88f5361ab14de12bba8c15d12ea54d740d5df45f51c5b5811c30f
228	river_aggrawal	river_aggrawal.csv	class	AutoClass	main	42	30000	1000	60	06d976207ad88f5361ab14de12bba8c15d12ea54d740d5df45f51c5b5811c30f
229	river_aggrawal	river_aggrawal.csv	class	AutoClass	main	43	30000	1000	60	06d976207ad88f5361ab14de12bba8c15d12ea54d740d5df45f51c5b5811c30f
230	river_aggrawal	river_aggrawal.csv	class	AutoClass	main	44	30000	1000	60	06d976207ad88f5361ab14de12bba8c15d12ea54d740d5df45f51c5b5811c30f
231	river_aggrawal	river_aggrawal.csv	class	ChaCha	main	42	30000	1000	60	06d976207ad88f5361ab14de12bba8c15d12ea54d740d5df45f51c5b5811c30f
232	river_aggrawal	river_aggrawal.csv	class	ChaCha	main	43	30000	1000	60	06d976207ad88f5361ab14de12bba8c15d12ea54d740d5df45f51c5b5811c30f
233	river_aggrawal	river_aggrawal.csv	class	ChaCha	main	44	30000	1000	60	06d976207ad88f5361ab14de12bba8c15d12ea54d740d5df45f51c5b5811c30f
234	river_aggrawal	river_aggrawal.csv	class	OAML	oaml	42	30000	1000	60	06d976207ad88f5361ab14de12bba8c15d12ea54d740d5df45f51c5b5811c30f
235	river_aggrawal	river_aggrawal.csv	class	OAML	oaml	43	30000	1000	60	06d976207ad88f5361ab14de12bba8c15d12ea54d740d5df45f51c5b5811c30f
236	river_aggrawal	river_aggrawal.csv	class	OAML	oaml	44	30000	1000	60	06d976207ad88f5361ab14de12bba8c15d12ea54d740d5df45f51c5b5811c30f
237	river_aggrawal	river_aggrawal.csv	class	EvoAutoML	evo	42	30000	1000	60	06d976207ad88f5361ab14de12bba8c15d12ea54d740d5df45f51c5b5811c30f
238	river_aggrawal	river_aggrawal.csv	class	EvoAutoML	evo	43	30000	1000	60	06d976207ad88f5361ab14de12bba8c15d12ea54d740d5df45f51c5b5811c30f
239	river_aggrawal	river_aggrawal.csv	class	EvoAutoML	evo	44	30000	1000	60	06d976207ad88f5361ab14de12bba8c15d12ea54d740d5df45f51c5b5811c30f
240	river_anomalysine	river_anomalysine.csv	class	AutoStreamML	main	42	30000	1000	60	a21c3b34aa759d8abb75a660b514cd517ca0806b4a0ba544016c534772d7464e
241	river_anomalysine	river_anomalysine.csv	class	AutoStreamML	main	43	30000	1000	60	a21c3b34aa759d8abb75a660b514cd517ca0806b4a0ba544016c534772d7464e
242	river_anomalysine	river_anomalysine.csv	class	AutoStreamML	main	44	30000	1000	60	a21c3b34aa759d8abb75a660b514cd517ca0806b4a0ba544016c534772d7464e
243	river_anomalysine	river_anomalysine.csv	class	AutoClass	main	42	30000	1000	60	a21c3b34aa759d8abb75a660b514cd517ca0806b4a0ba544016c534772d7464e
244	river_anomalysine	river_anomalysine.csv	class	AutoClass	main	43	30000	1000	60	a21c3b34aa759d8abb75a660b514cd517ca0806b4a0ba544016c534772d7464e
245	river_anomalysine	river_anomalysine.csv	class	AutoClass	main	44	30000	1000	60	a21c3b34aa759d8abb75a660b514cd517ca0806b4a0ba544016c534772d7464e
246	river_anomalysine	river_anomalysine.csv	class	ChaCha	main	42	30000	1000	60	a21c3b34aa759d8abb75a660b514cd517ca0806b4a0ba544016c534772d7464e
247	river_anomalysine	river_anomalysine.csv	class	ChaCha	main	43	30000	1000	60	a21c3b34aa759d8abb75a660b514cd517ca0806b4a0ba544016c534772d7464e
248	river_anomalysine	river_anomalysine.csv	class	ChaCha	main	44	30000	1000	60	a21c3b34aa759d8abb75a660b514cd517ca0806b4a0ba544016c534772d7464e
249	river_anomalysine	river_anomalysine.csv	class	OAML	oaml	42	30000	1000	60	a21c3b34aa759d8abb75a660b514cd517ca0806b4a0ba544016c534772d7464e
250	river_anomalysine	river_anomalysine.csv	class	OAML	oaml	43	30000	1000	60	a21c3b34aa759d8abb75a660b514cd517ca0806b4a0ba544016c534772d7464e
251	river_anomalysine	river_anomalysine.csv	class	OAML	oaml	44	30000	1000	60	a21c3b34aa759d8abb75a660b514cd517ca0806b4a0ba544016c534772d7464e
252	river_anomalysine	river_anomalysine.csv	class	EvoAutoML	evo	42	30000	1000	60	a21c3b34aa759d8abb75a660b514cd517ca0806b4a0ba544016c534772d7464e
253	river_anomalysine	river_anomalysine.csv	class	EvoAutoML	evo	43	30000	1000	60	a21c3b34aa759d8abb75a660b514cd517ca0806b4a0ba544016c534772d7464e
254	river_anomalysine	river_anomalysine.csv	class	EvoAutoML	evo	44	30000	1000	60	a21c3b34aa759d8abb75a660b514cd517ca0806b4a0ba544016c534772d7464e
255	river_hyperlane	river_hyperlane.csv	class	AutoStreamML	main	42	30000	1000	60	e349eabb483ecc805c54846af4faa73e37a76baee8ab0ed3d2dc9d7d5d2dde9a
256	river_hyperlane	river_hyperlane.csv	class	AutoStreamML	main	43	30000	1000	60	e349eabb483ecc805c54846af4faa73e37a76baee8ab0ed3d2dc9d7d5d2dde9a
257	river_hyperlane	river_hyperlane.csv	class	AutoStreamML	main	44	30000	1000	60	e349eabb483ecc805c54846af4faa73e37a76baee8ab0ed3d2dc9d7d5d2dde9a
258	river_hyperlane	river_hyperlane.csv	class	AutoClass	main	42	30000	1000	60	e349eabb483ecc805c54846af4faa73e37a76baee8ab0ed3d2dc9d7d5d2dde9a
259	river_hyperlane	river_hyperlane.csv	class	AutoClass	main	43	30000	1000	60	e349eabb483ecc805c54846af4faa73e37a76baee8ab0ed3d2dc9d7d5d2dde9a
260	river_hyperlane	river_hyperlane.csv	class	AutoClass	main	44	30000	1000	60	e349eabb483ecc805c54846af4faa73e37a76baee8ab0ed3d2dc9d7d5d2dde9a
261	river_hyperlane	river_hyperlane.csv	class	ChaCha	main	42	30000	1000	60	e349eabb483ecc805c54846af4faa73e37a76baee8ab0ed3d2dc9d7d5d2dde9a
262	river_hyperlane	river_hyperlane.csv	class	ChaCha	main	43	30000	1000	60	e349eabb483ecc805c54846af4faa73e37a76baee8ab0ed3d2dc9d7d5d2dde9a
263	river_hyperlane	river_hyperlane.csv	class	ChaCha	main	44	30000	1000	60	e349eabb483ecc805c54846af4faa73e37a76baee8ab0ed3d2dc9d7d5d2dde9a
264	river_hyperlane	river_hyperlane.csv	class	OAML	oaml	42	30000	1000	60	e349eabb483ecc805c54846af4faa73e37a76baee8ab0ed3d2dc9d7d5d2dde9a
265	river_hyperlane	river_hyperlane.csv	class	OAML	oaml	43	30000	1000	60	e349eabb483ecc805c54846af4faa73e37a76baee8ab0ed3d2dc9d7d5d2dde9a
266	river_hyperlane	river_hyperlane.csv	class	OAML	oaml	44	30000	1000	60	e349eabb483ecc805c54846af4faa73e37a76baee8ab0ed3d2dc9d7d5d2dde9a
267	river_hyperlane	river_hyperlane.csv	class	EvoAutoML	evo	42	30000	1000	60	e349eabb483ecc805c54846af4faa73e37a76baee8ab0ed3d2dc9d7d5d2dde9a
268	river_hyperlane	river_hyperlane.csv	class	EvoAutoML	evo	43	30000	1000	60	e349eabb483ecc805c54846af4faa73e37a76baee8ab0ed3d2dc9d7d5d2dde9a
269	river_hyperlane	river_hyperlane.csv	class	EvoAutoML	evo	44	30000	1000	60	e349eabb483ecc805c54846af4faa73e37a76baee8ab0ed3d2dc9d7d5d2dde9a
270	river_hyperlane_2	river_hyperlane_2.csv	class	AutoStreamML	main	42	30000	1000	60	242327977cc4ace68fa20307d33c9e7c0da9ee2565a1df13c40fc0040e3801ba
271	river_hyperlane_2	river_hyperlane_2.csv	class	AutoStreamML	main	43	30000	1000	60	242327977cc4ace68fa20307d33c9e7c0da9ee2565a1df13c40fc0040e3801ba
272	river_hyperlane_2	river_hyperlane_2.csv	class	AutoStreamML	main	44	30000	1000	60	242327977cc4ace68fa20307d33c9e7c0da9ee2565a1df13c40fc0040e3801ba
273	river_hyperlane_2	river_hyperlane_2.csv	class	AutoClass	main	42	30000	1000	60	242327977cc4ace68fa20307d33c9e7c0da9ee2565a1df13c40fc0040e3801ba
274	river_hyperlane_2	river_hyperlane_2.csv	class	AutoClass	main	43	30000	1000	60	242327977cc4ace68fa20307d33c9e7c0da9ee2565a1df13c40fc0040e3801ba
275	river_hyperlane_2	river_hyperlane_2.csv	class	AutoClass	main	44	30000	1000	60	242327977cc4ace68fa20307d33c9e7c0da9ee2565a1df13c40fc0040e3801ba
276	river_hyperlane_2	river_hyperlane_2.csv	class	ChaCha	main	42	30000	1000	60	242327977cc4ace68fa20307d33c9e7c0da9ee2565a1df13c40fc0040e3801ba
277	river_hyperlane_2	river_hyperlane_2.csv	class	ChaCha	main	43	30000	1000	60	242327977cc4ace68fa20307d33c9e7c0da9ee2565a1df13c40fc0040e3801ba
278	river_hyperlane_2	river_hyperlane_2.csv	class	ChaCha	main	44	30000	1000	60	242327977cc4ace68fa20307d33c9e7c0da9ee2565a1df13c40fc0040e3801ba
279	river_hyperlane_2	river_hyperlane_2.csv	class	OAML	oaml	42	30000	1000	60	242327977cc4ace68fa20307d33c9e7c0da9ee2565a1df13c40fc0040e3801ba
280	river_hyperlane_2	river_hyperlane_2.csv	class	OAML	oaml	43	30000	1000	60	242327977cc4ace68fa20307d33c9e7c0da9ee2565a1df13c40fc0040e3801ba
281	river_hyperlane_2	river_hyperlane_2.csv	class	OAML	oaml	44	30000	1000	60	242327977cc4ace68fa20307d33c9e7c0da9ee2565a1df13c40fc0040e3801ba
282	river_hyperlane_2	river_hyperlane_2.csv	class	EvoAutoML	evo	42	30000	1000	60	242327977cc4ace68fa20307d33c9e7c0da9ee2565a1df13c40fc0040e3801ba
283	river_hyperlane_2	river_hyperlane_2.csv	class	EvoAutoML	evo	43	30000	1000	60	242327977cc4ace68fa20307d33c9e7c0da9ee2565a1df13c40fc0040e3801ba
284	river_hyperlane_2	river_hyperlane_2.csv	class	EvoAutoML	evo	44	30000	1000	60	242327977cc4ace68fa20307d33c9e7c0da9ee2565a1df13c40fc0040e3801ba
285	river_led	river_led.csv	class	AutoStreamML	main	42	30000	1000	60	010268bcddacf8d76127eb7e4ef80b5002993f6c43f68eecd0d8f516c2993d7c
286	river_led	river_led.csv	class	AutoStreamML	main	43	30000	1000	60	010268bcddacf8d76127eb7e4ef80b5002993f6c43f68eecd0d8f516c2993d7c
287	river_led	river_led.csv	class	AutoStreamML	main	44	30000	1000	60	010268bcddacf8d76127eb7e4ef80b5002993f6c43f68eecd0d8f516c2993d7c
288	river_led	river_led.csv	class	AutoClass	main	42	30000	1000	60	010268bcddacf8d76127eb7e4ef80b5002993f6c43f68eecd0d8f516c2993d7c
289	river_led	river_led.csv	class	AutoClass	main	43	30000	1000	60	010268bcddacf8d76127eb7e4ef80b5002993f6c43f68eecd0d8f516c2993d7c
290	river_led	river_led.csv	class	AutoClass	main	44	30000	1000	60	010268bcddacf8d76127eb7e4ef80b5002993f6c43f68eecd0d8f516c2993d7c
291	river_led	river_led.csv	class	ChaCha	main	42	30000	1000	60	010268bcddacf8d76127eb7e4ef80b5002993f6c43f68eecd0d8f516c2993d7c
292	river_led	river_led.csv	class	ChaCha	main	43	30000	1000	60	010268bcddacf8d76127eb7e4ef80b5002993f6c43f68eecd0d8f516c2993d7c
293	river_led	river_led.csv	class	ChaCha	main	44	30000	1000	60	010268bcddacf8d76127eb7e4ef80b5002993f6c43f68eecd0d8f516c2993d7c
294	river_led	river_led.csv	class	OAML	oaml	42	30000	1000	60	010268bcddacf8d76127eb7e4ef80b5002993f6c43f68eecd0d8f516c2993d7c
295	river_led	river_led.csv	class	OAML	oaml	43	30000	1000	60	010268bcddacf8d76127eb7e4ef80b5002993f6c43f68eecd0d8f516c2993d7c
296	river_led	river_led.csv	class	OAML	oaml	44	30000	1000	60	010268bcddacf8d76127eb7e4ef80b5002993f6c43f68eecd0d8f516c2993d7c
297	river_led	river_led.csv	class	EvoAutoML	evo	42	30000	1000	60	010268bcddacf8d76127eb7e4ef80b5002993f6c43f68eecd0d8f516c2993d7c
298	river_led	river_led.csv	class	EvoAutoML	evo	43	30000	1000	60	010268bcddacf8d76127eb7e4ef80b5002993f6c43f68eecd0d8f516c2993d7c
299	river_led	river_led.csv	class	EvoAutoML	evo	44	30000	1000	60	010268bcddacf8d76127eb7e4ef80b5002993f6c43f68eecd0d8f516c2993d7c
300	river_led_default_drift	river_led_default_drift.csv	class	AutoStreamML	main	42	30000	1000	60	f5dbabf50eff6595814d137fced4668e40bf2a8f6e630e9051a2d07beb39739e
301	river_led_default_drift	river_led_default_drift.csv	class	AutoStreamML	main	43	30000	1000	60	f5dbabf50eff6595814d137fced4668e40bf2a8f6e630e9051a2d07beb39739e
302	river_led_default_drift	river_led_default_drift.csv	class	AutoStreamML	main	44	30000	1000	60	f5dbabf50eff6595814d137fced4668e40bf2a8f6e630e9051a2d07beb39739e
303	river_led_default_drift	river_led_default_drift.csv	class	AutoClass	main	42	30000	1000	60	f5dbabf50eff6595814d137fced4668e40bf2a8f6e630e9051a2d07beb39739e
304	river_led_default_drift	river_led_default_drift.csv	class	AutoClass	main	43	30000	1000	60	f5dbabf50eff6595814d137fced4668e40bf2a8f6e630e9051a2d07beb39739e
305	river_led_default_drift	river_led_default_drift.csv	class	AutoClass	main	44	30000	1000	60	f5dbabf50eff6595814d137fced4668e40bf2a8f6e630e9051a2d07beb39739e
306	river_led_default_drift	river_led_default_drift.csv	class	ChaCha	main	42	30000	1000	60	f5dbabf50eff6595814d137fced4668e40bf2a8f6e630e9051a2d07beb39739e
307	river_led_default_drift	river_led_default_drift.csv	class	ChaCha	main	43	30000	1000	60	f5dbabf50eff6595814d137fced4668e40bf2a8f6e630e9051a2d07beb39739e
308	river_led_default_drift	river_led_default_drift.csv	class	ChaCha	main	44	30000	1000	60	f5dbabf50eff6595814d137fced4668e40bf2a8f6e630e9051a2d07beb39739e
309	river_led_default_drift	river_led_default_drift.csv	class	OAML	oaml	42	30000	1000	60	f5dbabf50eff6595814d137fced4668e40bf2a8f6e630e9051a2d07beb39739e
310	river_led_default_drift	river_led_default_drift.csv	class	OAML	oaml	43	30000	1000	60	f5dbabf50eff6595814d137fced4668e40bf2a8f6e630e9051a2d07beb39739e
311	river_led_default_drift	river_led_default_drift.csv	class	OAML	oaml	44	30000	1000	60	f5dbabf50eff6595814d137fced4668e40bf2a8f6e630e9051a2d07beb39739e
312	river_led_default_drift	river_led_default_drift.csv	class	EvoAutoML	evo	42	30000	1000	60	f5dbabf50eff6595814d137fced4668e40bf2a8f6e630e9051a2d07beb39739e
313	river_led_default_drift	river_led_default_drift.csv	class	EvoAutoML	evo	43	30000	1000	60	f5dbabf50eff6595814d137fced4668e40bf2a8f6e630e9051a2d07beb39739e
314	river_led_default_drift	river_led_default_drift.csv	class	EvoAutoML	evo	44	30000	1000	60	f5dbabf50eff6595814d137fced4668e40bf2a8f6e630e9051a2d07beb39739e
315	river_mixed	river_mixed.csv	class	AutoStreamML	main	42	30000	1000	60	a579f7e1d16efae75e496d08d4804645975ed669063ab0a1aac9506ac76b7349
316	river_mixed	river_mixed.csv	class	AutoStreamML	main	43	30000	1000	60	a579f7e1d16efae75e496d08d4804645975ed669063ab0a1aac9506ac76b7349
317	river_mixed	river_mixed.csv	class	AutoStreamML	main	44	30000	1000	60	a579f7e1d16efae75e496d08d4804645975ed669063ab0a1aac9506ac76b7349
318	river_mixed	river_mixed.csv	class	AutoClass	main	42	30000	1000	60	a579f7e1d16efae75e496d08d4804645975ed669063ab0a1aac9506ac76b7349
319	river_mixed	river_mixed.csv	class	AutoClass	main	43	30000	1000	60	a579f7e1d16efae75e496d08d4804645975ed669063ab0a1aac9506ac76b7349
320	river_mixed	river_mixed.csv	class	AutoClass	main	44	30000	1000	60	a579f7e1d16efae75e496d08d4804645975ed669063ab0a1aac9506ac76b7349
321	river_mixed	river_mixed.csv	class	ChaCha	main	42	30000	1000	60	a579f7e1d16efae75e496d08d4804645975ed669063ab0a1aac9506ac76b7349
322	river_mixed	river_mixed.csv	class	ChaCha	main	43	30000	1000	60	a579f7e1d16efae75e496d08d4804645975ed669063ab0a1aac9506ac76b7349
323	river_mixed	river_mixed.csv	class	ChaCha	main	44	30000	1000	60	a579f7e1d16efae75e496d08d4804645975ed669063ab0a1aac9506ac76b7349
324	river_mixed	river_mixed.csv	class	OAML	oaml	42	30000	1000	60	a579f7e1d16efae75e496d08d4804645975ed669063ab0a1aac9506ac76b7349
325	river_mixed	river_mixed.csv	class	OAML	oaml	43	30000	1000	60	a579f7e1d16efae75e496d08d4804645975ed669063ab0a1aac9506ac76b7349
326	river_mixed	river_mixed.csv	class	OAML	oaml	44	30000	1000	60	a579f7e1d16efae75e496d08d4804645975ed669063ab0a1aac9506ac76b7349
327	river_mixed	river_mixed.csv	class	EvoAutoML	evo	42	30000	1000	60	a579f7e1d16efae75e496d08d4804645975ed669063ab0a1aac9506ac76b7349
328	river_mixed	river_mixed.csv	class	EvoAutoML	evo	43	30000	1000	60	a579f7e1d16efae75e496d08d4804645975ed669063ab0a1aac9506ac76b7349
329	river_mixed	river_mixed.csv	class	EvoAutoML	evo	44	30000	1000	60	a579f7e1d16efae75e496d08d4804645975ed669063ab0a1aac9506ac76b7349
330	river_randomRBF	river_randomRBF.csv	class	AutoStreamML	main	42	30000	1000	60	f64656711f834d164d0366ea847b8bbc757e89027141e0ee528f3000cd8bb50f
331	river_randomRBF	river_randomRBF.csv	class	AutoStreamML	main	43	30000	1000	60	f64656711f834d164d0366ea847b8bbc757e89027141e0ee528f3000cd8bb50f
332	river_randomRBF	river_randomRBF.csv	class	AutoStreamML	main	44	30000	1000	60	f64656711f834d164d0366ea847b8bbc757e89027141e0ee528f3000cd8bb50f
333	river_randomRBF	river_randomRBF.csv	class	AutoClass	main	42	30000	1000	60	f64656711f834d164d0366ea847b8bbc757e89027141e0ee528f3000cd8bb50f
334	river_randomRBF	river_randomRBF.csv	class	AutoClass	main	43	30000	1000	60	f64656711f834d164d0366ea847b8bbc757e89027141e0ee528f3000cd8bb50f
335	river_randomRBF	river_randomRBF.csv	class	AutoClass	main	44	30000	1000	60	f64656711f834d164d0366ea847b8bbc757e89027141e0ee528f3000cd8bb50f
336	river_randomRBF	river_randomRBF.csv	class	ChaCha	main	42	30000	1000	60	f64656711f834d164d0366ea847b8bbc757e89027141e0ee528f3000cd8bb50f
337	river_randomRBF	river_randomRBF.csv	class	ChaCha	main	43	30000	1000	60	f64656711f834d164d0366ea847b8bbc757e89027141e0ee528f3000cd8bb50f
338	river_randomRBF	river_randomRBF.csv	class	ChaCha	main	44	30000	1000	60	f64656711f834d164d0366ea847b8bbc757e89027141e0ee528f3000cd8bb50f
339	river_randomRBF	river_randomRBF.csv	class	OAML	oaml	42	30000	1000	60	f64656711f834d164d0366ea847b8bbc757e89027141e0ee528f3000cd8bb50f
340	river_randomRBF	river_randomRBF.csv	class	OAML	oaml	43	30000	1000	60	f64656711f834d164d0366ea847b8bbc757e89027141e0ee528f3000cd8bb50f
341	river_randomRBF	river_randomRBF.csv	class	OAML	oaml	44	30000	1000	60	f64656711f834d164d0366ea847b8bbc757e89027141e0ee528f3000cd8bb50f
342	river_randomRBF	river_randomRBF.csv	class	EvoAutoML	evo	42	30000	1000	60	f64656711f834d164d0366ea847b8bbc757e89027141e0ee528f3000cd8bb50f
343	river_randomRBF	river_randomRBF.csv	class	EvoAutoML	evo	43	30000	1000	60	f64656711f834d164d0366ea847b8bbc757e89027141e0ee528f3000cd8bb50f
344	river_randomRBF	river_randomRBF.csv	class	EvoAutoML	evo	44	30000	1000	60	f64656711f834d164d0366ea847b8bbc757e89027141e0ee528f3000cd8bb50f
345	river_randomRBF_2	river_randomRBF_2.csv	class	AutoStreamML	main	42	30000	1000	60	c8cd77d8883ded5dd903024c5743129d3ade9a22c8ec998841cf9b84a8c4f46c
346	river_randomRBF_2	river_randomRBF_2.csv	class	AutoStreamML	main	43	30000	1000	60	c8cd77d8883ded5dd903024c5743129d3ade9a22c8ec998841cf9b84a8c4f46c
347	river_randomRBF_2	river_randomRBF_2.csv	class	AutoStreamML	main	44	30000	1000	60	c8cd77d8883ded5dd903024c5743129d3ade9a22c8ec998841cf9b84a8c4f46c
348	river_randomRBF_2	river_randomRBF_2.csv	class	AutoClass	main	42	30000	1000	60	c8cd77d8883ded5dd903024c5743129d3ade9a22c8ec998841cf9b84a8c4f46c
349	river_randomRBF_2	river_randomRBF_2.csv	class	AutoClass	main	43	30000	1000	60	c8cd77d8883ded5dd903024c5743129d3ade9a22c8ec998841cf9b84a8c4f46c
350	river_randomRBF_2	river_randomRBF_2.csv	class	AutoClass	main	44	30000	1000	60	c8cd77d8883ded5dd903024c5743129d3ade9a22c8ec998841cf9b84a8c4f46c
351	river_randomRBF_2	river_randomRBF_2.csv	class	ChaCha	main	42	30000	1000	60	c8cd77d8883ded5dd903024c5743129d3ade9a22c8ec998841cf9b84a8c4f46c
352	river_randomRBF_2	river_randomRBF_2.csv	class	ChaCha	main	43	30000	1000	60	c8cd77d8883ded5dd903024c5743129d3ade9a22c8ec998841cf9b84a8c4f46c
353	river_randomRBF_2	river_randomRBF_2.csv	class	ChaCha	main	44	30000	1000	60	c8cd77d8883ded5dd903024c5743129d3ade9a22c8ec998841cf9b84a8c4f46c
354	river_randomRBF_2	river_randomRBF_2.csv	class	OAML	oaml	42	30000	1000	60	c8cd77d8883ded5dd903024c5743129d3ade9a22c8ec998841cf9b84a8c4f46c
355	river_randomRBF_2	river_randomRBF_2.csv	class	OAML	oaml	43	30000	1000	60	c8cd77d8883ded5dd903024c5743129d3ade9a22c8ec998841cf9b84a8c4f46c
356	river_randomRBF_2	river_randomRBF_2.csv	class	OAML	oaml	44	30000	1000	60	c8cd77d8883ded5dd903024c5743129d3ade9a22c8ec998841cf9b84a8c4f46c
357	river_randomRBF_2	river_randomRBF_2.csv	class	EvoAutoML	evo	42	30000	1000	60	c8cd77d8883ded5dd903024c5743129d3ade9a22c8ec998841cf9b84a8c4f46c
358	river_randomRBF_2	river_randomRBF_2.csv	class	EvoAutoML	evo	43	30000	1000	60	c8cd77d8883ded5dd903024c5743129d3ade9a22c8ec998841cf9b84a8c4f46c
359	river_randomRBF_2	river_randomRBF_2.csv	class	EvoAutoML	evo	44	30000	1000	60	c8cd77d8883ded5dd903024c5743129d3ade9a22c8ec998841cf9b84a8c4f46c
360	river_randomRBF_drift	river_randomRBF_drift.csv	class	AutoStreamML	main	42	30000	1000	60	90132441dd65b579e128d86c4ffe767a2dba26bf39a8ccd24a1dbe97dc106e67
361	river_randomRBF_drift	river_randomRBF_drift.csv	class	AutoStreamML	main	43	30000	1000	60	90132441dd65b579e128d86c4ffe767a2dba26bf39a8ccd24a1dbe97dc106e67
362	river_randomRBF_drift	river_randomRBF_drift.csv	class	AutoStreamML	main	44	30000	1000	60	90132441dd65b579e128d86c4ffe767a2dba26bf39a8ccd24a1dbe97dc106e67
363	river_randomRBF_drift	river_randomRBF_drift.csv	class	AutoClass	main	42	30000	1000	60	90132441dd65b579e128d86c4ffe767a2dba26bf39a8ccd24a1dbe97dc106e67
364	river_randomRBF_drift	river_randomRBF_drift.csv	class	AutoClass	main	43	30000	1000	60	90132441dd65b579e128d86c4ffe767a2dba26bf39a8ccd24a1dbe97dc106e67
365	river_randomRBF_drift	river_randomRBF_drift.csv	class	AutoClass	main	44	30000	1000	60	90132441dd65b579e128d86c4ffe767a2dba26bf39a8ccd24a1dbe97dc106e67
366	river_randomRBF_drift	river_randomRBF_drift.csv	class	ChaCha	main	42	30000	1000	60	90132441dd65b579e128d86c4ffe767a2dba26bf39a8ccd24a1dbe97dc106e67
367	river_randomRBF_drift	river_randomRBF_drift.csv	class	ChaCha	main	43	30000	1000	60	90132441dd65b579e128d86c4ffe767a2dba26bf39a8ccd24a1dbe97dc106e67
368	river_randomRBF_drift	river_randomRBF_drift.csv	class	ChaCha	main	44	30000	1000	60	90132441dd65b579e128d86c4ffe767a2dba26bf39a8ccd24a1dbe97dc106e67
369	river_randomRBF_drift	river_randomRBF_drift.csv	class	OAML	oaml	42	30000	1000	60	90132441dd65b579e128d86c4ffe767a2dba26bf39a8ccd24a1dbe97dc106e67
370	river_randomRBF_drift	river_randomRBF_drift.csv	class	OAML	oaml	43	30000	1000	60	90132441dd65b579e128d86c4ffe767a2dba26bf39a8ccd24a1dbe97dc106e67
371	river_randomRBF_drift	river_randomRBF_drift.csv	class	OAML	oaml	44	30000	1000	60	90132441dd65b579e128d86c4ffe767a2dba26bf39a8ccd24a1dbe97dc106e67
372	river_randomRBF_drift	river_randomRBF_drift.csv	class	EvoAutoML	evo	42	30000	1000	60	90132441dd65b579e128d86c4ffe767a2dba26bf39a8ccd24a1dbe97dc106e67
373	river_randomRBF_drift	river_randomRBF_drift.csv	class	EvoAutoML	evo	43	30000	1000	60	90132441dd65b579e128d86c4ffe767a2dba26bf39a8ccd24a1dbe97dc106e67
374	river_randomRBF_drift	river_randomRBF_drift.csv	class	EvoAutoML	evo	44	30000	1000	60	90132441dd65b579e128d86c4ffe767a2dba26bf39a8ccd24a1dbe97dc106e67
375	river_randomTree	river_randomTree.csv	class	AutoStreamML	main	42	30000	1000	60	3cf8efdc37f13a10b17b72c85f8bc6f286e34d5a3032cbdfbae96fcfc9ae8fec
376	river_randomTree	river_randomTree.csv	class	AutoStreamML	main	43	30000	1000	60	3cf8efdc37f13a10b17b72c85f8bc6f286e34d5a3032cbdfbae96fcfc9ae8fec
377	river_randomTree	river_randomTree.csv	class	AutoStreamML	main	44	30000	1000	60	3cf8efdc37f13a10b17b72c85f8bc6f286e34d5a3032cbdfbae96fcfc9ae8fec
378	river_randomTree	river_randomTree.csv	class	AutoClass	main	42	30000	1000	60	3cf8efdc37f13a10b17b72c85f8bc6f286e34d5a3032cbdfbae96fcfc9ae8fec
379	river_randomTree	river_randomTree.csv	class	AutoClass	main	43	30000	1000	60	3cf8efdc37f13a10b17b72c85f8bc6f286e34d5a3032cbdfbae96fcfc9ae8fec
380	river_randomTree	river_randomTree.csv	class	AutoClass	main	44	30000	1000	60	3cf8efdc37f13a10b17b72c85f8bc6f286e34d5a3032cbdfbae96fcfc9ae8fec
381	river_randomTree	river_randomTree.csv	class	ChaCha	main	42	30000	1000	60	3cf8efdc37f13a10b17b72c85f8bc6f286e34d5a3032cbdfbae96fcfc9ae8fec
382	river_randomTree	river_randomTree.csv	class	ChaCha	main	43	30000	1000	60	3cf8efdc37f13a10b17b72c85f8bc6f286e34d5a3032cbdfbae96fcfc9ae8fec
383	river_randomTree	river_randomTree.csv	class	ChaCha	main	44	30000	1000	60	3cf8efdc37f13a10b17b72c85f8bc6f286e34d5a3032cbdfbae96fcfc9ae8fec
384	river_randomTree	river_randomTree.csv	class	OAML	oaml	42	30000	1000	60	3cf8efdc37f13a10b17b72c85f8bc6f286e34d5a3032cbdfbae96fcfc9ae8fec
385	river_randomTree	river_randomTree.csv	class	OAML	oaml	43	30000	1000	60	3cf8efdc37f13a10b17b72c85f8bc6f286e34d5a3032cbdfbae96fcfc9ae8fec
386	river_randomTree	river_randomTree.csv	class	OAML	oaml	44	30000	1000	60	3cf8efdc37f13a10b17b72c85f8bc6f286e34d5a3032cbdfbae96fcfc9ae8fec
387	river_randomTree	river_randomTree.csv	class	EvoAutoML	evo	42	30000	1000	60	3cf8efdc37f13a10b17b72c85f8bc6f286e34d5a3032cbdfbae96fcfc9ae8fec
388	river_randomTree	river_randomTree.csv	class	EvoAutoML	evo	43	30000	1000	60	3cf8efdc37f13a10b17b72c85f8bc6f286e34d5a3032cbdfbae96fcfc9ae8fec
389	river_randomTree	river_randomTree.csv	class	EvoAutoML	evo	44	30000	1000	60	3cf8efdc37f13a10b17b72c85f8bc6f286e34d5a3032cbdfbae96fcfc9ae8fec
390	river_randomTree_2	river_randomTree_2.csv	class	AutoStreamML	main	42	30000	1000	60	1291c106ee4136c2741818a583758642069d0020ba31374ed6440840bc6b06e3
391	river_randomTree_2	river_randomTree_2.csv	class	AutoStreamML	main	43	30000	1000	60	1291c106ee4136c2741818a583758642069d0020ba31374ed6440840bc6b06e3
392	river_randomTree_2	river_randomTree_2.csv	class	AutoStreamML	main	44	30000	1000	60	1291c106ee4136c2741818a583758642069d0020ba31374ed6440840bc6b06e3
393	river_randomTree_2	river_randomTree_2.csv	class	AutoClass	main	42	30000	1000	60	1291c106ee4136c2741818a583758642069d0020ba31374ed6440840bc6b06e3
394	river_randomTree_2	river_randomTree_2.csv	class	AutoClass	main	43	30000	1000	60	1291c106ee4136c2741818a583758642069d0020ba31374ed6440840bc6b06e3
395	river_randomTree_2	river_randomTree_2.csv	class	AutoClass	main	44	30000	1000	60	1291c106ee4136c2741818a583758642069d0020ba31374ed6440840bc6b06e3
396	river_randomTree_2	river_randomTree_2.csv	class	ChaCha	main	42	30000	1000	60	1291c106ee4136c2741818a583758642069d0020ba31374ed6440840bc6b06e3
397	river_randomTree_2	river_randomTree_2.csv	class	ChaCha	main	43	30000	1000	60	1291c106ee4136c2741818a583758642069d0020ba31374ed6440840bc6b06e3
398	river_randomTree_2	river_randomTree_2.csv	class	ChaCha	main	44	30000	1000	60	1291c106ee4136c2741818a583758642069d0020ba31374ed6440840bc6b06e3
399	river_randomTree_2	river_randomTree_2.csv	class	OAML	oaml	42	30000	1000	60	1291c106ee4136c2741818a583758642069d0020ba31374ed6440840bc6b06e3
400	river_randomTree_2	river_randomTree_2.csv	class	OAML	oaml	43	30000	1000	60	1291c106ee4136c2741818a583758642069d0020ba31374ed6440840bc6b06e3
401	river_randomTree_2	river_randomTree_2.csv	class	OAML	oaml	44	30000	1000	60	1291c106ee4136c2741818a583758642069d0020ba31374ed6440840bc6b06e3
402	river_randomTree_2	river_randomTree_2.csv	class	EvoAutoML	evo	42	30000	1000	60	1291c106ee4136c2741818a583758642069d0020ba31374ed6440840bc6b06e3
403	river_randomTree_2	river_randomTree_2.csv	class	EvoAutoML	evo	43	30000	1000	60	1291c106ee4136c2741818a583758642069d0020ba31374ed6440840bc6b06e3
404	river_randomTree_2	river_randomTree_2.csv	class	EvoAutoML	evo	44	30000	1000	60	1291c106ee4136c2741818a583758642069d0020ba31374ed6440840bc6b06e3
405	sea_high_abrupt_drift	sea_high_abrupt_drift.csv	class	AutoStreamML	main	42	30000	1000	60	a8f83a46dba9cef9be6c1e2a2a3b465adbc29607a4ea1f9ef79c52fe421600ea
406	sea_high_abrupt_drift	sea_high_abrupt_drift.csv	class	AutoStreamML	main	43	30000	1000	60	a8f83a46dba9cef9be6c1e2a2a3b465adbc29607a4ea1f9ef79c52fe421600ea
407	sea_high_abrupt_drift	sea_high_abrupt_drift.csv	class	AutoStreamML	main	44	30000	1000	60	a8f83a46dba9cef9be6c1e2a2a3b465adbc29607a4ea1f9ef79c52fe421600ea
408	sea_high_abrupt_drift	sea_high_abrupt_drift.csv	class	AutoClass	main	42	30000	1000	60	a8f83a46dba9cef9be6c1e2a2a3b465adbc29607a4ea1f9ef79c52fe421600ea
409	sea_high_abrupt_drift	sea_high_abrupt_drift.csv	class	AutoClass	main	43	30000	1000	60	a8f83a46dba9cef9be6c1e2a2a3b465adbc29607a4ea1f9ef79c52fe421600ea
410	sea_high_abrupt_drift	sea_high_abrupt_drift.csv	class	AutoClass	main	44	30000	1000	60	a8f83a46dba9cef9be6c1e2a2a3b465adbc29607a4ea1f9ef79c52fe421600ea
411	sea_high_abrupt_drift	sea_high_abrupt_drift.csv	class	ChaCha	main	42	30000	1000	60	a8f83a46dba9cef9be6c1e2a2a3b465adbc29607a4ea1f9ef79c52fe421600ea
412	sea_high_abrupt_drift	sea_high_abrupt_drift.csv	class	ChaCha	main	43	30000	1000	60	a8f83a46dba9cef9be6c1e2a2a3b465adbc29607a4ea1f9ef79c52fe421600ea
413	sea_high_abrupt_drift	sea_high_abrupt_drift.csv	class	ChaCha	main	44	30000	1000	60	a8f83a46dba9cef9be6c1e2a2a3b465adbc29607a4ea1f9ef79c52fe421600ea
414	sea_high_abrupt_drift	sea_high_abrupt_drift.csv	class	OAML	oaml	42	30000	1000	60	a8f83a46dba9cef9be6c1e2a2a3b465adbc29607a4ea1f9ef79c52fe421600ea
415	sea_high_abrupt_drift	sea_high_abrupt_drift.csv	class	OAML	oaml	43	30000	1000	60	a8f83a46dba9cef9be6c1e2a2a3b465adbc29607a4ea1f9ef79c52fe421600ea
416	sea_high_abrupt_drift	sea_high_abrupt_drift.csv	class	OAML	oaml	44	30000	1000	60	a8f83a46dba9cef9be6c1e2a2a3b465adbc29607a4ea1f9ef79c52fe421600ea
417	sea_high_abrupt_drift	sea_high_abrupt_drift.csv	class	EvoAutoML	evo	42	30000	1000	60	a8f83a46dba9cef9be6c1e2a2a3b465adbc29607a4ea1f9ef79c52fe421600ea
418	sea_high_abrupt_drift	sea_high_abrupt_drift.csv	class	EvoAutoML	evo	43	30000	1000	60	a8f83a46dba9cef9be6c1e2a2a3b465adbc29607a4ea1f9ef79c52fe421600ea
419	sea_high_abrupt_drift	sea_high_abrupt_drift.csv	class	EvoAutoML	evo	44	30000	1000	60	a8f83a46dba9cef9be6c1e2a2a3b465adbc29607a4ea1f9ef79c52fe421600ea
420	sea_high_mixed_drift	sea_high_mixed_drift.csv	class	AutoStreamML	main	42	30000	1000	60	c42251245fa1126efd1f3b2537395ad6682b5ba7d13bdc9160fe9f56c905db69
421	sea_high_mixed_drift	sea_high_mixed_drift.csv	class	AutoStreamML	main	43	30000	1000	60	c42251245fa1126efd1f3b2537395ad6682b5ba7d13bdc9160fe9f56c905db69
422	sea_high_mixed_drift	sea_high_mixed_drift.csv	class	AutoStreamML	main	44	30000	1000	60	c42251245fa1126efd1f3b2537395ad6682b5ba7d13bdc9160fe9f56c905db69
423	sea_high_mixed_drift	sea_high_mixed_drift.csv	class	AutoClass	main	42	30000	1000	60	c42251245fa1126efd1f3b2537395ad6682b5ba7d13bdc9160fe9f56c905db69
424	sea_high_mixed_drift	sea_high_mixed_drift.csv	class	AutoClass	main	43	30000	1000	60	c42251245fa1126efd1f3b2537395ad6682b5ba7d13bdc9160fe9f56c905db69
425	sea_high_mixed_drift	sea_high_mixed_drift.csv	class	AutoClass	main	44	30000	1000	60	c42251245fa1126efd1f3b2537395ad6682b5ba7d13bdc9160fe9f56c905db69
426	sea_high_mixed_drift	sea_high_mixed_drift.csv	class	ChaCha	main	42	30000	1000	60	c42251245fa1126efd1f3b2537395ad6682b5ba7d13bdc9160fe9f56c905db69
427	sea_high_mixed_drift	sea_high_mixed_drift.csv	class	ChaCha	main	43	30000	1000	60	c42251245fa1126efd1f3b2537395ad6682b5ba7d13bdc9160fe9f56c905db69
428	sea_high_mixed_drift	sea_high_mixed_drift.csv	class	ChaCha	main	44	30000	1000	60	c42251245fa1126efd1f3b2537395ad6682b5ba7d13bdc9160fe9f56c905db69
429	sea_high_mixed_drift	sea_high_mixed_drift.csv	class	OAML	oaml	42	30000	1000	60	c42251245fa1126efd1f3b2537395ad6682b5ba7d13bdc9160fe9f56c905db69
430	sea_high_mixed_drift	sea_high_mixed_drift.csv	class	OAML	oaml	43	30000	1000	60	c42251245fa1126efd1f3b2537395ad6682b5ba7d13bdc9160fe9f56c905db69
431	sea_high_mixed_drift	sea_high_mixed_drift.csv	class	OAML	oaml	44	30000	1000	60	c42251245fa1126efd1f3b2537395ad6682b5ba7d13bdc9160fe9f56c905db69
432	sea_high_mixed_drift	sea_high_mixed_drift.csv	class	EvoAutoML	evo	42	30000	1000	60	c42251245fa1126efd1f3b2537395ad6682b5ba7d13bdc9160fe9f56c905db69
433	sea_high_mixed_drift	sea_high_mixed_drift.csv	class	EvoAutoML	evo	43	30000	1000	60	c42251245fa1126efd1f3b2537395ad6682b5ba7d13bdc9160fe9f56c905db69
434	sea_high_mixed_drift	sea_high_mixed_drift.csv	class	EvoAutoML	evo	44	30000	1000	60	c42251245fa1126efd1f3b2537395ad6682b5ba7d13bdc9160fe9f56c905db69
435	shuttle	shuttle.csv	class	AutoStreamML	main	42	30000	1000	60	0d42450dda192d77af3813cccaef1e910a6ad17e49d827e772e7c59a1054a496
436	shuttle	shuttle.csv	class	AutoStreamML	main	43	30000	1000	60	0d42450dda192d77af3813cccaef1e910a6ad17e49d827e772e7c59a1054a496
437	shuttle	shuttle.csv	class	AutoStreamML	main	44	30000	1000	60	0d42450dda192d77af3813cccaef1e910a6ad17e49d827e772e7c59a1054a496
438	shuttle	shuttle.csv	class	AutoClass	main	42	30000	1000	60	0d42450dda192d77af3813cccaef1e910a6ad17e49d827e772e7c59a1054a496
439	shuttle	shuttle.csv	class	AutoClass	main	43	30000	1000	60	0d42450dda192d77af3813cccaef1e910a6ad17e49d827e772e7c59a1054a496
440	shuttle	shuttle.csv	class	AutoClass	main	44	30000	1000	60	0d42450dda192d77af3813cccaef1e910a6ad17e49d827e772e7c59a1054a496
441	shuttle	shuttle.csv	class	ChaCha	main	42	30000	1000	60	0d42450dda192d77af3813cccaef1e910a6ad17e49d827e772e7c59a1054a496
442	shuttle	shuttle.csv	class	ChaCha	main	43	30000	1000	60	0d42450dda192d77af3813cccaef1e910a6ad17e49d827e772e7c59a1054a496
443	shuttle	shuttle.csv	class	ChaCha	main	44	30000	1000	60	0d42450dda192d77af3813cccaef1e910a6ad17e49d827e772e7c59a1054a496
444	shuttle	shuttle.csv	class	OAML	oaml	42	30000	1000	60	0d42450dda192d77af3813cccaef1e910a6ad17e49d827e772e7c59a1054a496
445	shuttle	shuttle.csv	class	OAML	oaml	43	30000	1000	60	0d42450dda192d77af3813cccaef1e910a6ad17e49d827e772e7c59a1054a496
446	shuttle	shuttle.csv	class	OAML	oaml	44	30000	1000	60	0d42450dda192d77af3813cccaef1e910a6ad17e49d827e772e7c59a1054a496
447	shuttle	shuttle.csv	class	EvoAutoML	evo	42	30000	1000	60	0d42450dda192d77af3813cccaef1e910a6ad17e49d827e772e7c59a1054a496
448	shuttle	shuttle.csv	class	EvoAutoML	evo	43	30000	1000	60	0d42450dda192d77af3813cccaef1e910a6ad17e49d827e772e7c59a1054a496
449	shuttle	shuttle.csv	class	EvoAutoML	evo	44	30000	1000	60	0d42450dda192d77af3813cccaef1e910a6ad17e49d827e772e7c59a1054a496
450	skmul_SEA	skmul_SEA.csv	class	AutoStreamML	main	42	30000	1000	60	21effe73a937eda8c433eb57c941cdbded9d6a2dcabe2549b30076309392bb89
451	skmul_SEA	skmul_SEA.csv	class	AutoStreamML	main	43	30000	1000	60	21effe73a937eda8c433eb57c941cdbded9d6a2dcabe2549b30076309392bb89
452	skmul_SEA	skmul_SEA.csv	class	AutoStreamML	main	44	30000	1000	60	21effe73a937eda8c433eb57c941cdbded9d6a2dcabe2549b30076309392bb89
453	skmul_SEA	skmul_SEA.csv	class	AutoClass	main	42	30000	1000	60	21effe73a937eda8c433eb57c941cdbded9d6a2dcabe2549b30076309392bb89
454	skmul_SEA	skmul_SEA.csv	class	AutoClass	main	43	30000	1000	60	21effe73a937eda8c433eb57c941cdbded9d6a2dcabe2549b30076309392bb89
455	skmul_SEA	skmul_SEA.csv	class	AutoClass	main	44	30000	1000	60	21effe73a937eda8c433eb57c941cdbded9d6a2dcabe2549b30076309392bb89
456	skmul_SEA	skmul_SEA.csv	class	ChaCha	main	42	30000	1000	60	21effe73a937eda8c433eb57c941cdbded9d6a2dcabe2549b30076309392bb89
457	skmul_SEA	skmul_SEA.csv	class	ChaCha	main	43	30000	1000	60	21effe73a937eda8c433eb57c941cdbded9d6a2dcabe2549b30076309392bb89
458	skmul_SEA	skmul_SEA.csv	class	ChaCha	main	44	30000	1000	60	21effe73a937eda8c433eb57c941cdbded9d6a2dcabe2549b30076309392bb89
459	skmul_SEA	skmul_SEA.csv	class	OAML	oaml	42	30000	1000	60	21effe73a937eda8c433eb57c941cdbded9d6a2dcabe2549b30076309392bb89
460	skmul_SEA	skmul_SEA.csv	class	OAML	oaml	43	30000	1000	60	21effe73a937eda8c433eb57c941cdbded9d6a2dcabe2549b30076309392bb89
461	skmul_SEA	skmul_SEA.csv	class	OAML	oaml	44	30000	1000	60	21effe73a937eda8c433eb57c941cdbded9d6a2dcabe2549b30076309392bb89
462	skmul_SEA	skmul_SEA.csv	class	EvoAutoML	evo	42	30000	1000	60	21effe73a937eda8c433eb57c941cdbded9d6a2dcabe2549b30076309392bb89
463	skmul_SEA	skmul_SEA.csv	class	EvoAutoML	evo	43	30000	1000	60	21effe73a937eda8c433eb57c941cdbded9d6a2dcabe2549b30076309392bb89
464	skmul_SEA	skmul_SEA.csv	class	EvoAutoML	evo	44	30000	1000	60	21effe73a937eda8c433eb57c941cdbded9d6a2dcabe2549b30076309392bb89
465	skmul_SEA_2	skmul_SEA_2.csv	class	AutoStreamML	main	42	30000	1000	60	643c28508872aa791c220c96b0c64d6b4f6b4c609ac41d1128aa7d6829cfea4e
466	skmul_SEA_2	skmul_SEA_2.csv	class	AutoStreamML	main	43	30000	1000	60	643c28508872aa791c220c96b0c64d6b4f6b4c609ac41d1128aa7d6829cfea4e
467	skmul_SEA_2	skmul_SEA_2.csv	class	AutoStreamML	main	44	30000	1000	60	643c28508872aa791c220c96b0c64d6b4f6b4c609ac41d1128aa7d6829cfea4e
468	skmul_SEA_2	skmul_SEA_2.csv	class	AutoClass	main	42	30000	1000	60	643c28508872aa791c220c96b0c64d6b4f6b4c609ac41d1128aa7d6829cfea4e
469	skmul_SEA_2	skmul_SEA_2.csv	class	AutoClass	main	43	30000	1000	60	643c28508872aa791c220c96b0c64d6b4f6b4c609ac41d1128aa7d6829cfea4e
470	skmul_SEA_2	skmul_SEA_2.csv	class	AutoClass	main	44	30000	1000	60	643c28508872aa791c220c96b0c64d6b4f6b4c609ac41d1128aa7d6829cfea4e
471	skmul_SEA_2	skmul_SEA_2.csv	class	ChaCha	main	42	30000	1000	60	643c28508872aa791c220c96b0c64d6b4f6b4c609ac41d1128aa7d6829cfea4e
472	skmul_SEA_2	skmul_SEA_2.csv	class	ChaCha	main	43	30000	1000	60	643c28508872aa791c220c96b0c64d6b4f6b4c609ac41d1128aa7d6829cfea4e
473	skmul_SEA_2	skmul_SEA_2.csv	class	ChaCha	main	44	30000	1000	60	643c28508872aa791c220c96b0c64d6b4f6b4c609ac41d1128aa7d6829cfea4e
474	skmul_SEA_2	skmul_SEA_2.csv	class	OAML	oaml	42	30000	1000	60	643c28508872aa791c220c96b0c64d6b4f6b4c609ac41d1128aa7d6829cfea4e
475	skmul_SEA_2	skmul_SEA_2.csv	class	OAML	oaml	43	30000	1000	60	643c28508872aa791c220c96b0c64d6b4f6b4c609ac41d1128aa7d6829cfea4e
476	skmul_SEA_2	skmul_SEA_2.csv	class	OAML	oaml	44	30000	1000	60	643c28508872aa791c220c96b0c64d6b4f6b4c609ac41d1128aa7d6829cfea4e
477	skmul_SEA_2	skmul_SEA_2.csv	class	EvoAutoML	evo	42	30000	1000	60	643c28508872aa791c220c96b0c64d6b4f6b4c609ac41d1128aa7d6829cfea4e
478	skmul_SEA_2	skmul_SEA_2.csv	class	EvoAutoML	evo	43	30000	1000	60	643c28508872aa791c220c96b0c64d6b4f6b4c609ac41d1128aa7d6829cfea4e
479	skmul_SEA_2	skmul_SEA_2.csv	class	EvoAutoML	evo	44	30000	1000	60	643c28508872aa791c220c96b0c64d6b4f6b4c609ac41d1128aa7d6829cfea4e
480	skmul_STAGGER	skmul_STAGGER.csv	class	AutoStreamML	main	42	30000	1000	60	c4ebfddcd20c5d46625b571e82527aa761bd9e35d02bd3869b08b7ea04bc1b96
481	skmul_STAGGER	skmul_STAGGER.csv	class	AutoStreamML	main	43	30000	1000	60	c4ebfddcd20c5d46625b571e82527aa761bd9e35d02bd3869b08b7ea04bc1b96
482	skmul_STAGGER	skmul_STAGGER.csv	class	AutoStreamML	main	44	30000	1000	60	c4ebfddcd20c5d46625b571e82527aa761bd9e35d02bd3869b08b7ea04bc1b96
483	skmul_STAGGER	skmul_STAGGER.csv	class	AutoClass	main	42	30000	1000	60	c4ebfddcd20c5d46625b571e82527aa761bd9e35d02bd3869b08b7ea04bc1b96
484	skmul_STAGGER	skmul_STAGGER.csv	class	AutoClass	main	43	30000	1000	60	c4ebfddcd20c5d46625b571e82527aa761bd9e35d02bd3869b08b7ea04bc1b96
485	skmul_STAGGER	skmul_STAGGER.csv	class	AutoClass	main	44	30000	1000	60	c4ebfddcd20c5d46625b571e82527aa761bd9e35d02bd3869b08b7ea04bc1b96
486	skmul_STAGGER	skmul_STAGGER.csv	class	ChaCha	main	42	30000	1000	60	c4ebfddcd20c5d46625b571e82527aa761bd9e35d02bd3869b08b7ea04bc1b96
487	skmul_STAGGER	skmul_STAGGER.csv	class	ChaCha	main	43	30000	1000	60	c4ebfddcd20c5d46625b571e82527aa761bd9e35d02bd3869b08b7ea04bc1b96
488	skmul_STAGGER	skmul_STAGGER.csv	class	ChaCha	main	44	30000	1000	60	c4ebfddcd20c5d46625b571e82527aa761bd9e35d02bd3869b08b7ea04bc1b96
489	skmul_STAGGER	skmul_STAGGER.csv	class	OAML	oaml	42	30000	1000	60	c4ebfddcd20c5d46625b571e82527aa761bd9e35d02bd3869b08b7ea04bc1b96
490	skmul_STAGGER	skmul_STAGGER.csv	class	OAML	oaml	43	30000	1000	60	c4ebfddcd20c5d46625b571e82527aa761bd9e35d02bd3869b08b7ea04bc1b96
491	skmul_STAGGER	skmul_STAGGER.csv	class	OAML	oaml	44	30000	1000	60	c4ebfddcd20c5d46625b571e82527aa761bd9e35d02bd3869b08b7ea04bc1b96
492	skmul_STAGGER	skmul_STAGGER.csv	class	EvoAutoML	evo	42	30000	1000	60	c4ebfddcd20c5d46625b571e82527aa761bd9e35d02bd3869b08b7ea04bc1b96
493	skmul_STAGGER	skmul_STAGGER.csv	class	EvoAutoML	evo	43	30000	1000	60	c4ebfddcd20c5d46625b571e82527aa761bd9e35d02bd3869b08b7ea04bc1b96
494	skmul_STAGGER	skmul_STAGGER.csv	class	EvoAutoML	evo	44	30000	1000	60	c4ebfddcd20c5d46625b571e82527aa761bd9e35d02bd3869b08b7ea04bc1b96
495	skmul_STAGGER_2	skmul_STAGGER_2.csv	class	AutoStreamML	main	42	30000	1000	60	7d4be4fa73e455018892c8faaa0e154e13099c32f81bb5b31241ee9753835cfd
496	skmul_STAGGER_2	skmul_STAGGER_2.csv	class	AutoStreamML	main	43	30000	1000	60	7d4be4fa73e455018892c8faaa0e154e13099c32f81bb5b31241ee9753835cfd
497	skmul_STAGGER_2	skmul_STAGGER_2.csv	class	AutoStreamML	main	44	30000	1000	60	7d4be4fa73e455018892c8faaa0e154e13099c32f81bb5b31241ee9753835cfd
498	skmul_STAGGER_2	skmul_STAGGER_2.csv	class	AutoClass	main	42	30000	1000	60	7d4be4fa73e455018892c8faaa0e154e13099c32f81bb5b31241ee9753835cfd
499	skmul_STAGGER_2	skmul_STAGGER_2.csv	class	AutoClass	main	43	30000	1000	60	7d4be4fa73e455018892c8faaa0e154e13099c32f81bb5b31241ee9753835cfd
500	skmul_STAGGER_2	skmul_STAGGER_2.csv	class	AutoClass	main	44	30000	1000	60	7d4be4fa73e455018892c8faaa0e154e13099c32f81bb5b31241ee9753835cfd
501	skmul_STAGGER_2	skmul_STAGGER_2.csv	class	ChaCha	main	42	30000	1000	60	7d4be4fa73e455018892c8faaa0e154e13099c32f81bb5b31241ee9753835cfd
502	skmul_STAGGER_2	skmul_STAGGER_2.csv	class	ChaCha	main	43	30000	1000	60	7d4be4fa73e455018892c8faaa0e154e13099c32f81bb5b31241ee9753835cfd
503	skmul_STAGGER_2	skmul_STAGGER_2.csv	class	ChaCha	main	44	30000	1000	60	7d4be4fa73e455018892c8faaa0e154e13099c32f81bb5b31241ee9753835cfd
504	skmul_STAGGER_2	skmul_STAGGER_2.csv	class	OAML	oaml	42	30000	1000	60	7d4be4fa73e455018892c8faaa0e154e13099c32f81bb5b31241ee9753835cfd
505	skmul_STAGGER_2	skmul_STAGGER_2.csv	class	OAML	oaml	43	30000	1000	60	7d4be4fa73e455018892c8faaa0e154e13099c32f81bb5b31241ee9753835cfd
506	skmul_STAGGER_2	skmul_STAGGER_2.csv	class	OAML	oaml	44	30000	1000	60	7d4be4fa73e455018892c8faaa0e154e13099c32f81bb5b31241ee9753835cfd
507	skmul_STAGGER_2	skmul_STAGGER_2.csv	class	EvoAutoML	evo	42	30000	1000	60	7d4be4fa73e455018892c8faaa0e154e13099c32f81bb5b31241ee9753835cfd
508	skmul_STAGGER_2	skmul_STAGGER_2.csv	class	EvoAutoML	evo	43	30000	1000	60	7d4be4fa73e455018892c8faaa0e154e13099c32f81bb5b31241ee9753835cfd
509	skmul_STAGGER_2	skmul_STAGGER_2.csv	class	EvoAutoML	evo	44	30000	1000	60	7d4be4fa73e455018892c8faaa0e154e13099c32f81bb5b31241ee9753835cfd
510	skmul_Sine	skmul_Sine.csv	class	AutoStreamML	main	42	30000	1000	60	599fcba9ac9b04b4e8180fd0c241ba6f09799463f498984432052240e2996b04
511	skmul_Sine	skmul_Sine.csv	class	AutoStreamML	main	43	30000	1000	60	599fcba9ac9b04b4e8180fd0c241ba6f09799463f498984432052240e2996b04
512	skmul_Sine	skmul_Sine.csv	class	AutoStreamML	main	44	30000	1000	60	599fcba9ac9b04b4e8180fd0c241ba6f09799463f498984432052240e2996b04
513	skmul_Sine	skmul_Sine.csv	class	AutoClass	main	42	30000	1000	60	599fcba9ac9b04b4e8180fd0c241ba6f09799463f498984432052240e2996b04
514	skmul_Sine	skmul_Sine.csv	class	AutoClass	main	43	30000	1000	60	599fcba9ac9b04b4e8180fd0c241ba6f09799463f498984432052240e2996b04
515	skmul_Sine	skmul_Sine.csv	class	AutoClass	main	44	30000	1000	60	599fcba9ac9b04b4e8180fd0c241ba6f09799463f498984432052240e2996b04
516	skmul_Sine	skmul_Sine.csv	class	ChaCha	main	42	30000	1000	60	599fcba9ac9b04b4e8180fd0c241ba6f09799463f498984432052240e2996b04
517	skmul_Sine	skmul_Sine.csv	class	ChaCha	main	43	30000	1000	60	599fcba9ac9b04b4e8180fd0c241ba6f09799463f498984432052240e2996b04
518	skmul_Sine	skmul_Sine.csv	class	ChaCha	main	44	30000	1000	60	599fcba9ac9b04b4e8180fd0c241ba6f09799463f498984432052240e2996b04
519	skmul_Sine	skmul_Sine.csv	class	OAML	oaml	42	30000	1000	60	599fcba9ac9b04b4e8180fd0c241ba6f09799463f498984432052240e2996b04
520	skmul_Sine	skmul_Sine.csv	class	OAML	oaml	43	30000	1000	60	599fcba9ac9b04b4e8180fd0c241ba6f09799463f498984432052240e2996b04
521	skmul_Sine	skmul_Sine.csv	class	OAML	oaml	44	30000	1000	60	599fcba9ac9b04b4e8180fd0c241ba6f09799463f498984432052240e2996b04
522	skmul_Sine	skmul_Sine.csv	class	EvoAutoML	evo	42	30000	1000	60	599fcba9ac9b04b4e8180fd0c241ba6f09799463f498984432052240e2996b04
523	skmul_Sine	skmul_Sine.csv	class	EvoAutoML	evo	43	30000	1000	60	599fcba9ac9b04b4e8180fd0c241ba6f09799463f498984432052240e2996b04
524	skmul_Sine	skmul_Sine.csv	class	EvoAutoML	evo	44	30000	1000	60	599fcba9ac9b04b4e8180fd0c241ba6f09799463f498984432052240e2996b04
525	skmul_Waveform	skmul_Waveform.csv	class	AutoStreamML	main	42	30000	1000	60	223cd8de33b7ace86eff32e6edfe10bc88b387ed298147c9606e220a02c6ddd6
526	skmul_Waveform	skmul_Waveform.csv	class	AutoStreamML	main	43	30000	1000	60	223cd8de33b7ace86eff32e6edfe10bc88b387ed298147c9606e220a02c6ddd6
527	skmul_Waveform	skmul_Waveform.csv	class	AutoStreamML	main	44	30000	1000	60	223cd8de33b7ace86eff32e6edfe10bc88b387ed298147c9606e220a02c6ddd6
528	skmul_Waveform	skmul_Waveform.csv	class	AutoClass	main	42	30000	1000	60	223cd8de33b7ace86eff32e6edfe10bc88b387ed298147c9606e220a02c6ddd6
529	skmul_Waveform	skmul_Waveform.csv	class	AutoClass	main	43	30000	1000	60	223cd8de33b7ace86eff32e6edfe10bc88b387ed298147c9606e220a02c6ddd6
530	skmul_Waveform	skmul_Waveform.csv	class	AutoClass	main	44	30000	1000	60	223cd8de33b7ace86eff32e6edfe10bc88b387ed298147c9606e220a02c6ddd6
531	skmul_Waveform	skmul_Waveform.csv	class	ChaCha	main	42	30000	1000	60	223cd8de33b7ace86eff32e6edfe10bc88b387ed298147c9606e220a02c6ddd6
532	skmul_Waveform	skmul_Waveform.csv	class	ChaCha	main	43	30000	1000	60	223cd8de33b7ace86eff32e6edfe10bc88b387ed298147c9606e220a02c6ddd6
533	skmul_Waveform	skmul_Waveform.csv	class	ChaCha	main	44	30000	1000	60	223cd8de33b7ace86eff32e6edfe10bc88b387ed298147c9606e220a02c6ddd6
534	skmul_Waveform	skmul_Waveform.csv	class	OAML	oaml	42	30000	1000	60	223cd8de33b7ace86eff32e6edfe10bc88b387ed298147c9606e220a02c6ddd6
535	skmul_Waveform	skmul_Waveform.csv	class	OAML	oaml	43	30000	1000	60	223cd8de33b7ace86eff32e6edfe10bc88b387ed298147c9606e220a02c6ddd6
536	skmul_Waveform	skmul_Waveform.csv	class	OAML	oaml	44	30000	1000	60	223cd8de33b7ace86eff32e6edfe10bc88b387ed298147c9606e220a02c6ddd6
537	skmul_Waveform	skmul_Waveform.csv	class	EvoAutoML	evo	42	30000	1000	60	223cd8de33b7ace86eff32e6edfe10bc88b387ed298147c9606e220a02c6ddd6
538	skmul_Waveform	skmul_Waveform.csv	class	EvoAutoML	evo	43	30000	1000	60	223cd8de33b7ace86eff32e6edfe10bc88b387ed298147c9606e220a02c6ddd6
539	skmul_Waveform	skmul_Waveform.csv	class	EvoAutoML	evo	44	30000	1000	60	223cd8de33b7ace86eff32e6edfe10bc88b387ed298147c9606e220a02c6ddd6
540	skmul_aggrawal	skmul_aggrawal.csv	class	AutoStreamML	main	42	30000	1000	60	7802a9ab96a97521866513338c5abda155963c2e73ae60cd93df094127bce54f
541	skmul_aggrawal	skmul_aggrawal.csv	class	AutoStreamML	main	43	30000	1000	60	7802a9ab96a97521866513338c5abda155963c2e73ae60cd93df094127bce54f
542	skmul_aggrawal	skmul_aggrawal.csv	class	AutoStreamML	main	44	30000	1000	60	7802a9ab96a97521866513338c5abda155963c2e73ae60cd93df094127bce54f
543	skmul_aggrawal	skmul_aggrawal.csv	class	AutoClass	main	42	30000	1000	60	7802a9ab96a97521866513338c5abda155963c2e73ae60cd93df094127bce54f
544	skmul_aggrawal	skmul_aggrawal.csv	class	AutoClass	main	43	30000	1000	60	7802a9ab96a97521866513338c5abda155963c2e73ae60cd93df094127bce54f
545	skmul_aggrawal	skmul_aggrawal.csv	class	AutoClass	main	44	30000	1000	60	7802a9ab96a97521866513338c5abda155963c2e73ae60cd93df094127bce54f
546	skmul_aggrawal	skmul_aggrawal.csv	class	ChaCha	main	42	30000	1000	60	7802a9ab96a97521866513338c5abda155963c2e73ae60cd93df094127bce54f
547	skmul_aggrawal	skmul_aggrawal.csv	class	ChaCha	main	43	30000	1000	60	7802a9ab96a97521866513338c5abda155963c2e73ae60cd93df094127bce54f
548	skmul_aggrawal	skmul_aggrawal.csv	class	ChaCha	main	44	30000	1000	60	7802a9ab96a97521866513338c5abda155963c2e73ae60cd93df094127bce54f
549	skmul_aggrawal	skmul_aggrawal.csv	class	OAML	oaml	42	30000	1000	60	7802a9ab96a97521866513338c5abda155963c2e73ae60cd93df094127bce54f
550	skmul_aggrawal	skmul_aggrawal.csv	class	OAML	oaml	43	30000	1000	60	7802a9ab96a97521866513338c5abda155963c2e73ae60cd93df094127bce54f
551	skmul_aggrawal	skmul_aggrawal.csv	class	OAML	oaml	44	30000	1000	60	7802a9ab96a97521866513338c5abda155963c2e73ae60cd93df094127bce54f
552	skmul_aggrawal	skmul_aggrawal.csv	class	EvoAutoML	evo	42	30000	1000	60	7802a9ab96a97521866513338c5abda155963c2e73ae60cd93df094127bce54f
553	skmul_aggrawal	skmul_aggrawal.csv	class	EvoAutoML	evo	43	30000	1000	60	7802a9ab96a97521866513338c5abda155963c2e73ae60cd93df094127bce54f
554	skmul_aggrawal	skmul_aggrawal.csv	class	EvoAutoML	evo	44	30000	1000	60	7802a9ab96a97521866513338c5abda155963c2e73ae60cd93df094127bce54f
555	skmul_anomalysine	skmul_anomalysine.csv	class	AutoStreamML	main	42	30000	1000	60	05576e9c49b94d305d711b6fe6e95cc0d1593c042408ee3a56dcc9594080bddd
556	skmul_anomalysine	skmul_anomalysine.csv	class	AutoStreamML	main	43	30000	1000	60	05576e9c49b94d305d711b6fe6e95cc0d1593c042408ee3a56dcc9594080bddd
557	skmul_anomalysine	skmul_anomalysine.csv	class	AutoStreamML	main	44	30000	1000	60	05576e9c49b94d305d711b6fe6e95cc0d1593c042408ee3a56dcc9594080bddd
558	skmul_anomalysine	skmul_anomalysine.csv	class	AutoClass	main	42	30000	1000	60	05576e9c49b94d305d711b6fe6e95cc0d1593c042408ee3a56dcc9594080bddd
559	skmul_anomalysine	skmul_anomalysine.csv	class	AutoClass	main	43	30000	1000	60	05576e9c49b94d305d711b6fe6e95cc0d1593c042408ee3a56dcc9594080bddd
560	skmul_anomalysine	skmul_anomalysine.csv	class	AutoClass	main	44	30000	1000	60	05576e9c49b94d305d711b6fe6e95cc0d1593c042408ee3a56dcc9594080bddd
561	skmul_anomalysine	skmul_anomalysine.csv	class	ChaCha	main	42	30000	1000	60	05576e9c49b94d305d711b6fe6e95cc0d1593c042408ee3a56dcc9594080bddd
562	skmul_anomalysine	skmul_anomalysine.csv	class	ChaCha	main	43	30000	1000	60	05576e9c49b94d305d711b6fe6e95cc0d1593c042408ee3a56dcc9594080bddd
563	skmul_anomalysine	skmul_anomalysine.csv	class	ChaCha	main	44	30000	1000	60	05576e9c49b94d305d711b6fe6e95cc0d1593c042408ee3a56dcc9594080bddd
564	skmul_anomalysine	skmul_anomalysine.csv	class	OAML	oaml	42	30000	1000	60	05576e9c49b94d305d711b6fe6e95cc0d1593c042408ee3a56dcc9594080bddd
565	skmul_anomalysine	skmul_anomalysine.csv	class	OAML	oaml	43	30000	1000	60	05576e9c49b94d305d711b6fe6e95cc0d1593c042408ee3a56dcc9594080bddd
566	skmul_anomalysine	skmul_anomalysine.csv	class	OAML	oaml	44	30000	1000	60	05576e9c49b94d305d711b6fe6e95cc0d1593c042408ee3a56dcc9594080bddd
567	skmul_anomalysine	skmul_anomalysine.csv	class	EvoAutoML	evo	42	30000	1000	60	05576e9c49b94d305d711b6fe6e95cc0d1593c042408ee3a56dcc9594080bddd
568	skmul_anomalysine	skmul_anomalysine.csv	class	EvoAutoML	evo	43	30000	1000	60	05576e9c49b94d305d711b6fe6e95cc0d1593c042408ee3a56dcc9594080bddd
569	skmul_anomalysine	skmul_anomalysine.csv	class	EvoAutoML	evo	44	30000	1000	60	05576e9c49b94d305d711b6fe6e95cc0d1593c042408ee3a56dcc9594080bddd
570	skmul_anomalysine_2	skmul_anomalysine_2.csv	class	AutoStreamML	main	42	30000	1000	60	167f485c3c7a061c6ecc003e3bf3b713bc7e896d4ff0151c2ced0ab93eeb910d
571	skmul_anomalysine_2	skmul_anomalysine_2.csv	class	AutoStreamML	main	43	30000	1000	60	167f485c3c7a061c6ecc003e3bf3b713bc7e896d4ff0151c2ced0ab93eeb910d
572	skmul_anomalysine_2	skmul_anomalysine_2.csv	class	AutoStreamML	main	44	30000	1000	60	167f485c3c7a061c6ecc003e3bf3b713bc7e896d4ff0151c2ced0ab93eeb910d
573	skmul_anomalysine_2	skmul_anomalysine_2.csv	class	AutoClass	main	42	30000	1000	60	167f485c3c7a061c6ecc003e3bf3b713bc7e896d4ff0151c2ced0ab93eeb910d
574	skmul_anomalysine_2	skmul_anomalysine_2.csv	class	AutoClass	main	43	30000	1000	60	167f485c3c7a061c6ecc003e3bf3b713bc7e896d4ff0151c2ced0ab93eeb910d
575	skmul_anomalysine_2	skmul_anomalysine_2.csv	class	AutoClass	main	44	30000	1000	60	167f485c3c7a061c6ecc003e3bf3b713bc7e896d4ff0151c2ced0ab93eeb910d
576	skmul_anomalysine_2	skmul_anomalysine_2.csv	class	ChaCha	main	42	30000	1000	60	167f485c3c7a061c6ecc003e3bf3b713bc7e896d4ff0151c2ced0ab93eeb910d
577	skmul_anomalysine_2	skmul_anomalysine_2.csv	class	ChaCha	main	43	30000	1000	60	167f485c3c7a061c6ecc003e3bf3b713bc7e896d4ff0151c2ced0ab93eeb910d
578	skmul_anomalysine_2	skmul_anomalysine_2.csv	class	ChaCha	main	44	30000	1000	60	167f485c3c7a061c6ecc003e3bf3b713bc7e896d4ff0151c2ced0ab93eeb910d
579	skmul_anomalysine_2	skmul_anomalysine_2.csv	class	OAML	oaml	42	30000	1000	60	167f485c3c7a061c6ecc003e3bf3b713bc7e896d4ff0151c2ced0ab93eeb910d
580	skmul_anomalysine_2	skmul_anomalysine_2.csv	class	OAML	oaml	43	30000	1000	60	167f485c3c7a061c6ecc003e3bf3b713bc7e896d4ff0151c2ced0ab93eeb910d
581	skmul_anomalysine_2	skmul_anomalysine_2.csv	class	OAML	oaml	44	30000	1000	60	167f485c3c7a061c6ecc003e3bf3b713bc7e896d4ff0151c2ced0ab93eeb910d
582	skmul_anomalysine_2	skmul_anomalysine_2.csv	class	EvoAutoML	evo	42	30000	1000	60	167f485c3c7a061c6ecc003e3bf3b713bc7e896d4ff0151c2ced0ab93eeb910d
583	skmul_anomalysine_2	skmul_anomalysine_2.csv	class	EvoAutoML	evo	43	30000	1000	60	167f485c3c7a061c6ecc003e3bf3b713bc7e896d4ff0151c2ced0ab93eeb910d
584	skmul_anomalysine_2	skmul_anomalysine_2.csv	class	EvoAutoML	evo	44	30000	1000	60	167f485c3c7a061c6ecc003e3bf3b713bc7e896d4ff0151c2ced0ab93eeb910d
585	skmul_hyperlane	skmul_hyperlane.csv	class	AutoStreamML	main	42	30000	1000	60	3356ce2fb20d26f366a85777eafe5897e35c98cf6c8997549d029772ed3fd86c
586	skmul_hyperlane	skmul_hyperlane.csv	class	AutoStreamML	main	43	30000	1000	60	3356ce2fb20d26f366a85777eafe5897e35c98cf6c8997549d029772ed3fd86c
587	skmul_hyperlane	skmul_hyperlane.csv	class	AutoStreamML	main	44	30000	1000	60	3356ce2fb20d26f366a85777eafe5897e35c98cf6c8997549d029772ed3fd86c
588	skmul_hyperlane	skmul_hyperlane.csv	class	AutoClass	main	42	30000	1000	60	3356ce2fb20d26f366a85777eafe5897e35c98cf6c8997549d029772ed3fd86c
589	skmul_hyperlane	skmul_hyperlane.csv	class	AutoClass	main	43	30000	1000	60	3356ce2fb20d26f366a85777eafe5897e35c98cf6c8997549d029772ed3fd86c
590	skmul_hyperlane	skmul_hyperlane.csv	class	AutoClass	main	44	30000	1000	60	3356ce2fb20d26f366a85777eafe5897e35c98cf6c8997549d029772ed3fd86c
591	skmul_hyperlane	skmul_hyperlane.csv	class	ChaCha	main	42	30000	1000	60	3356ce2fb20d26f366a85777eafe5897e35c98cf6c8997549d029772ed3fd86c
592	skmul_hyperlane	skmul_hyperlane.csv	class	ChaCha	main	43	30000	1000	60	3356ce2fb20d26f366a85777eafe5897e35c98cf6c8997549d029772ed3fd86c
593	skmul_hyperlane	skmul_hyperlane.csv	class	ChaCha	main	44	30000	1000	60	3356ce2fb20d26f366a85777eafe5897e35c98cf6c8997549d029772ed3fd86c
594	skmul_hyperlane	skmul_hyperlane.csv	class	OAML	oaml	42	30000	1000	60	3356ce2fb20d26f366a85777eafe5897e35c98cf6c8997549d029772ed3fd86c
595	skmul_hyperlane	skmul_hyperlane.csv	class	OAML	oaml	43	30000	1000	60	3356ce2fb20d26f366a85777eafe5897e35c98cf6c8997549d029772ed3fd86c
596	skmul_hyperlane	skmul_hyperlane.csv	class	OAML	oaml	44	30000	1000	60	3356ce2fb20d26f366a85777eafe5897e35c98cf6c8997549d029772ed3fd86c
597	skmul_hyperlane	skmul_hyperlane.csv	class	EvoAutoML	evo	42	30000	1000	60	3356ce2fb20d26f366a85777eafe5897e35c98cf6c8997549d029772ed3fd86c
598	skmul_hyperlane	skmul_hyperlane.csv	class	EvoAutoML	evo	43	30000	1000	60	3356ce2fb20d26f366a85777eafe5897e35c98cf6c8997549d029772ed3fd86c
599	skmul_hyperlane	skmul_hyperlane.csv	class	EvoAutoML	evo	44	30000	1000	60	3356ce2fb20d26f366a85777eafe5897e35c98cf6c8997549d029772ed3fd86c
600	skmul_ledgenerator	skmul_ledgenerator.csv	class	AutoStreamML	main	42	30000	1000	60	20b4062ab5ddf2d59e87bce96b60d13c6c6d3fe3848e2411233b43fabcbf5ece
601	skmul_ledgenerator	skmul_ledgenerator.csv	class	AutoStreamML	main	43	30000	1000	60	20b4062ab5ddf2d59e87bce96b60d13c6c6d3fe3848e2411233b43fabcbf5ece
602	skmul_ledgenerator	skmul_ledgenerator.csv	class	AutoStreamML	main	44	30000	1000	60	20b4062ab5ddf2d59e87bce96b60d13c6c6d3fe3848e2411233b43fabcbf5ece
603	skmul_ledgenerator	skmul_ledgenerator.csv	class	AutoClass	main	42	30000	1000	60	20b4062ab5ddf2d59e87bce96b60d13c6c6d3fe3848e2411233b43fabcbf5ece
604	skmul_ledgenerator	skmul_ledgenerator.csv	class	AutoClass	main	43	30000	1000	60	20b4062ab5ddf2d59e87bce96b60d13c6c6d3fe3848e2411233b43fabcbf5ece
605	skmul_ledgenerator	skmul_ledgenerator.csv	class	AutoClass	main	44	30000	1000	60	20b4062ab5ddf2d59e87bce96b60d13c6c6d3fe3848e2411233b43fabcbf5ece
606	skmul_ledgenerator	skmul_ledgenerator.csv	class	ChaCha	main	42	30000	1000	60	20b4062ab5ddf2d59e87bce96b60d13c6c6d3fe3848e2411233b43fabcbf5ece
607	skmul_ledgenerator	skmul_ledgenerator.csv	class	ChaCha	main	43	30000	1000	60	20b4062ab5ddf2d59e87bce96b60d13c6c6d3fe3848e2411233b43fabcbf5ece
608	skmul_ledgenerator	skmul_ledgenerator.csv	class	ChaCha	main	44	30000	1000	60	20b4062ab5ddf2d59e87bce96b60d13c6c6d3fe3848e2411233b43fabcbf5ece
609	skmul_ledgenerator	skmul_ledgenerator.csv	class	OAML	oaml	42	30000	1000	60	20b4062ab5ddf2d59e87bce96b60d13c6c6d3fe3848e2411233b43fabcbf5ece
610	skmul_ledgenerator	skmul_ledgenerator.csv	class	OAML	oaml	43	30000	1000	60	20b4062ab5ddf2d59e87bce96b60d13c6c6d3fe3848e2411233b43fabcbf5ece
611	skmul_ledgenerator	skmul_ledgenerator.csv	class	OAML	oaml	44	30000	1000	60	20b4062ab5ddf2d59e87bce96b60d13c6c6d3fe3848e2411233b43fabcbf5ece
612	skmul_ledgenerator	skmul_ledgenerator.csv	class	EvoAutoML	evo	42	30000	1000	60	20b4062ab5ddf2d59e87bce96b60d13c6c6d3fe3848e2411233b43fabcbf5ece
613	skmul_ledgenerator	skmul_ledgenerator.csv	class	EvoAutoML	evo	43	30000	1000	60	20b4062ab5ddf2d59e87bce96b60d13c6c6d3fe3848e2411233b43fabcbf5ece
614	skmul_ledgenerator	skmul_ledgenerator.csv	class	EvoAutoML	evo	44	30000	1000	60	20b4062ab5ddf2d59e87bce96b60d13c6c6d3fe3848e2411233b43fabcbf5ece
615	skmul_ledgenerator_default_drift	skmul_ledgenerator_default_drift.csv	class	AutoStreamML	main	42	30000	1000	60	196f40a22f93da35adcc88ab09b58a40f5b349f3ecc4dc5225f46836b2f2e662
616	skmul_ledgenerator_default_drift	skmul_ledgenerator_default_drift.csv	class	AutoStreamML	main	43	30000	1000	60	196f40a22f93da35adcc88ab09b58a40f5b349f3ecc4dc5225f46836b2f2e662
617	skmul_ledgenerator_default_drift	skmul_ledgenerator_default_drift.csv	class	AutoStreamML	main	44	30000	1000	60	196f40a22f93da35adcc88ab09b58a40f5b349f3ecc4dc5225f46836b2f2e662
618	skmul_ledgenerator_default_drift	skmul_ledgenerator_default_drift.csv	class	AutoClass	main	42	30000	1000	60	196f40a22f93da35adcc88ab09b58a40f5b349f3ecc4dc5225f46836b2f2e662
619	skmul_ledgenerator_default_drift	skmul_ledgenerator_default_drift.csv	class	AutoClass	main	43	30000	1000	60	196f40a22f93da35adcc88ab09b58a40f5b349f3ecc4dc5225f46836b2f2e662
620	skmul_ledgenerator_default_drift	skmul_ledgenerator_default_drift.csv	class	AutoClass	main	44	30000	1000	60	196f40a22f93da35adcc88ab09b58a40f5b349f3ecc4dc5225f46836b2f2e662
621	skmul_ledgenerator_default_drift	skmul_ledgenerator_default_drift.csv	class	ChaCha	main	42	30000	1000	60	196f40a22f93da35adcc88ab09b58a40f5b349f3ecc4dc5225f46836b2f2e662
622	skmul_ledgenerator_default_drift	skmul_ledgenerator_default_drift.csv	class	ChaCha	main	43	30000	1000	60	196f40a22f93da35adcc88ab09b58a40f5b349f3ecc4dc5225f46836b2f2e662
623	skmul_ledgenerator_default_drift	skmul_ledgenerator_default_drift.csv	class	ChaCha	main	44	30000	1000	60	196f40a22f93da35adcc88ab09b58a40f5b349f3ecc4dc5225f46836b2f2e662
624	skmul_ledgenerator_default_drift	skmul_ledgenerator_default_drift.csv	class	OAML	oaml	42	30000	1000	60	196f40a22f93da35adcc88ab09b58a40f5b349f3ecc4dc5225f46836b2f2e662
625	skmul_ledgenerator_default_drift	skmul_ledgenerator_default_drift.csv	class	OAML	oaml	43	30000	1000	60	196f40a22f93da35adcc88ab09b58a40f5b349f3ecc4dc5225f46836b2f2e662
626	skmul_ledgenerator_default_drift	skmul_ledgenerator_default_drift.csv	class	OAML	oaml	44	30000	1000	60	196f40a22f93da35adcc88ab09b58a40f5b349f3ecc4dc5225f46836b2f2e662
627	skmul_ledgenerator_default_drift	skmul_ledgenerator_default_drift.csv	class	EvoAutoML	evo	42	30000	1000	60	196f40a22f93da35adcc88ab09b58a40f5b349f3ecc4dc5225f46836b2f2e662
628	skmul_ledgenerator_default_drift	skmul_ledgenerator_default_drift.csv	class	EvoAutoML	evo	43	30000	1000	60	196f40a22f93da35adcc88ab09b58a40f5b349f3ecc4dc5225f46836b2f2e662
629	skmul_ledgenerator_default_drift	skmul_ledgenerator_default_drift.csv	class	EvoAutoML	evo	44	30000	1000	60	196f40a22f93da35adcc88ab09b58a40f5b349f3ecc4dc5225f46836b2f2e662
630	skmul_randomRBF_default_drift	skmul_randomRBF_default_drift.csv	class	AutoStreamML	main	42	30000	1000	60	ca527a431b03b15760a7236ffed6ae7d03d96ccb04f96e515abab8b0d2604133
631	skmul_randomRBF_default_drift	skmul_randomRBF_default_drift.csv	class	AutoStreamML	main	43	30000	1000	60	ca527a431b03b15760a7236ffed6ae7d03d96ccb04f96e515abab8b0d2604133
632	skmul_randomRBF_default_drift	skmul_randomRBF_default_drift.csv	class	AutoStreamML	main	44	30000	1000	60	ca527a431b03b15760a7236ffed6ae7d03d96ccb04f96e515abab8b0d2604133
633	skmul_randomRBF_default_drift	skmul_randomRBF_default_drift.csv	class	AutoClass	main	42	30000	1000	60	ca527a431b03b15760a7236ffed6ae7d03d96ccb04f96e515abab8b0d2604133
634	skmul_randomRBF_default_drift	skmul_randomRBF_default_drift.csv	class	AutoClass	main	43	30000	1000	60	ca527a431b03b15760a7236ffed6ae7d03d96ccb04f96e515abab8b0d2604133
635	skmul_randomRBF_default_drift	skmul_randomRBF_default_drift.csv	class	AutoClass	main	44	30000	1000	60	ca527a431b03b15760a7236ffed6ae7d03d96ccb04f96e515abab8b0d2604133
636	skmul_randomRBF_default_drift	skmul_randomRBF_default_drift.csv	class	ChaCha	main	42	30000	1000	60	ca527a431b03b15760a7236ffed6ae7d03d96ccb04f96e515abab8b0d2604133
637	skmul_randomRBF_default_drift	skmul_randomRBF_default_drift.csv	class	ChaCha	main	43	30000	1000	60	ca527a431b03b15760a7236ffed6ae7d03d96ccb04f96e515abab8b0d2604133
638	skmul_randomRBF_default_drift	skmul_randomRBF_default_drift.csv	class	ChaCha	main	44	30000	1000	60	ca527a431b03b15760a7236ffed6ae7d03d96ccb04f96e515abab8b0d2604133
639	skmul_randomRBF_default_drift	skmul_randomRBF_default_drift.csv	class	OAML	oaml	42	30000	1000	60	ca527a431b03b15760a7236ffed6ae7d03d96ccb04f96e515abab8b0d2604133
640	skmul_randomRBF_default_drift	skmul_randomRBF_default_drift.csv	class	OAML	oaml	43	30000	1000	60	ca527a431b03b15760a7236ffed6ae7d03d96ccb04f96e515abab8b0d2604133
641	skmul_randomRBF_default_drift	skmul_randomRBF_default_drift.csv	class	OAML	oaml	44	30000	1000	60	ca527a431b03b15760a7236ffed6ae7d03d96ccb04f96e515abab8b0d2604133
642	skmul_randomRBF_default_drift	skmul_randomRBF_default_drift.csv	class	EvoAutoML	evo	42	30000	1000	60	ca527a431b03b15760a7236ffed6ae7d03d96ccb04f96e515abab8b0d2604133
643	skmul_randomRBF_default_drift	skmul_randomRBF_default_drift.csv	class	EvoAutoML	evo	43	30000	1000	60	ca527a431b03b15760a7236ffed6ae7d03d96ccb04f96e515abab8b0d2604133
644	skmul_randomRBF_default_drift	skmul_randomRBF_default_drift.csv	class	EvoAutoML	evo	44	30000	1000	60	ca527a431b03b15760a7236ffed6ae7d03d96ccb04f96e515abab8b0d2604133
645	skmul_randomRBF_gradual	skmul_randomRBF_gradual.csv	class	AutoStreamML	main	42	30000	1000	60	0ff4591e0fe9dc896b3a8a333171dc57998cfe4e85a1d1eaa5b6490996094765
646	skmul_randomRBF_gradual	skmul_randomRBF_gradual.csv	class	AutoStreamML	main	43	30000	1000	60	0ff4591e0fe9dc896b3a8a333171dc57998cfe4e85a1d1eaa5b6490996094765
647	skmul_randomRBF_gradual	skmul_randomRBF_gradual.csv	class	AutoStreamML	main	44	30000	1000	60	0ff4591e0fe9dc896b3a8a333171dc57998cfe4e85a1d1eaa5b6490996094765
648	skmul_randomRBF_gradual	skmul_randomRBF_gradual.csv	class	AutoClass	main	42	30000	1000	60	0ff4591e0fe9dc896b3a8a333171dc57998cfe4e85a1d1eaa5b6490996094765
649	skmul_randomRBF_gradual	skmul_randomRBF_gradual.csv	class	AutoClass	main	43	30000	1000	60	0ff4591e0fe9dc896b3a8a333171dc57998cfe4e85a1d1eaa5b6490996094765
650	skmul_randomRBF_gradual	skmul_randomRBF_gradual.csv	class	AutoClass	main	44	30000	1000	60	0ff4591e0fe9dc896b3a8a333171dc57998cfe4e85a1d1eaa5b6490996094765
651	skmul_randomRBF_gradual	skmul_randomRBF_gradual.csv	class	ChaCha	main	42	30000	1000	60	0ff4591e0fe9dc896b3a8a333171dc57998cfe4e85a1d1eaa5b6490996094765
652	skmul_randomRBF_gradual	skmul_randomRBF_gradual.csv	class	ChaCha	main	43	30000	1000	60	0ff4591e0fe9dc896b3a8a333171dc57998cfe4e85a1d1eaa5b6490996094765
653	skmul_randomRBF_gradual	skmul_randomRBF_gradual.csv	class	ChaCha	main	44	30000	1000	60	0ff4591e0fe9dc896b3a8a333171dc57998cfe4e85a1d1eaa5b6490996094765
654	skmul_randomRBF_gradual	skmul_randomRBF_gradual.csv	class	OAML	oaml	42	30000	1000	60	0ff4591e0fe9dc896b3a8a333171dc57998cfe4e85a1d1eaa5b6490996094765
655	skmul_randomRBF_gradual	skmul_randomRBF_gradual.csv	class	OAML	oaml	43	30000	1000	60	0ff4591e0fe9dc896b3a8a333171dc57998cfe4e85a1d1eaa5b6490996094765
656	skmul_randomRBF_gradual	skmul_randomRBF_gradual.csv	class	OAML	oaml	44	30000	1000	60	0ff4591e0fe9dc896b3a8a333171dc57998cfe4e85a1d1eaa5b6490996094765
657	skmul_randomRBF_gradual	skmul_randomRBF_gradual.csv	class	EvoAutoML	evo	42	30000	1000	60	0ff4591e0fe9dc896b3a8a333171dc57998cfe4e85a1d1eaa5b6490996094765
658	skmul_randomRBF_gradual	skmul_randomRBF_gradual.csv	class	EvoAutoML	evo	43	30000	1000	60	0ff4591e0fe9dc896b3a8a333171dc57998cfe4e85a1d1eaa5b6490996094765
659	skmul_randomRBF_gradual	skmul_randomRBF_gradual.csv	class	EvoAutoML	evo	44	30000	1000	60	0ff4591e0fe9dc896b3a8a333171dc57998cfe4e85a1d1eaa5b6490996094765
660	skmul_randomTree	skmul_randomTree.csv	class	AutoStreamML	main	42	30000	1000	60	040e4558b990327e35b1d639141bf24f6d630f0060edb6caa11953aa58897034
661	skmul_randomTree	skmul_randomTree.csv	class	AutoStreamML	main	43	30000	1000	60	040e4558b990327e35b1d639141bf24f6d630f0060edb6caa11953aa58897034
662	skmul_randomTree	skmul_randomTree.csv	class	AutoStreamML	main	44	30000	1000	60	040e4558b990327e35b1d639141bf24f6d630f0060edb6caa11953aa58897034
663	skmul_randomTree	skmul_randomTree.csv	class	AutoClass	main	42	30000	1000	60	040e4558b990327e35b1d639141bf24f6d630f0060edb6caa11953aa58897034
664	skmul_randomTree	skmul_randomTree.csv	class	AutoClass	main	43	30000	1000	60	040e4558b990327e35b1d639141bf24f6d630f0060edb6caa11953aa58897034
665	skmul_randomTree	skmul_randomTree.csv	class	AutoClass	main	44	30000	1000	60	040e4558b990327e35b1d639141bf24f6d630f0060edb6caa11953aa58897034
666	skmul_randomTree	skmul_randomTree.csv	class	ChaCha	main	42	30000	1000	60	040e4558b990327e35b1d639141bf24f6d630f0060edb6caa11953aa58897034
667	skmul_randomTree	skmul_randomTree.csv	class	ChaCha	main	43	30000	1000	60	040e4558b990327e35b1d639141bf24f6d630f0060edb6caa11953aa58897034
668	skmul_randomTree	skmul_randomTree.csv	class	ChaCha	main	44	30000	1000	60	040e4558b990327e35b1d639141bf24f6d630f0060edb6caa11953aa58897034
669	skmul_randomTree	skmul_randomTree.csv	class	OAML	oaml	42	30000	1000	60	040e4558b990327e35b1d639141bf24f6d630f0060edb6caa11953aa58897034
670	skmul_randomTree	skmul_randomTree.csv	class	OAML	oaml	43	30000	1000	60	040e4558b990327e35b1d639141bf24f6d630f0060edb6caa11953aa58897034
671	skmul_randomTree	skmul_randomTree.csv	class	OAML	oaml	44	30000	1000	60	040e4558b990327e35b1d639141bf24f6d630f0060edb6caa11953aa58897034
672	skmul_randomTree	skmul_randomTree.csv	class	EvoAutoML	evo	42	30000	1000	60	040e4558b990327e35b1d639141bf24f6d630f0060edb6caa11953aa58897034
673	skmul_randomTree	skmul_randomTree.csv	class	EvoAutoML	evo	43	30000	1000	60	040e4558b990327e35b1d639141bf24f6d630f0060edb6caa11953aa58897034
674	skmul_randomTree	skmul_randomTree.csv	class	EvoAutoML	evo	44	30000	1000	60	040e4558b990327e35b1d639141bf24f6d630f0060edb6caa11953aa58897034
675	skmul_randomTree_2	skmul_randomTree_2.csv	class	AutoStreamML	main	42	30000	1000	60	ef137202d889671bee629e792655a133105710f5505c9f746c61e55e65df602a
676	skmul_randomTree_2	skmul_randomTree_2.csv	class	AutoStreamML	main	43	30000	1000	60	ef137202d889671bee629e792655a133105710f5505c9f746c61e55e65df602a
677	skmul_randomTree_2	skmul_randomTree_2.csv	class	AutoStreamML	main	44	30000	1000	60	ef137202d889671bee629e792655a133105710f5505c9f746c61e55e65df602a
678	skmul_randomTree_2	skmul_randomTree_2.csv	class	AutoClass	main	42	30000	1000	60	ef137202d889671bee629e792655a133105710f5505c9f746c61e55e65df602a
679	skmul_randomTree_2	skmul_randomTree_2.csv	class	AutoClass	main	43	30000	1000	60	ef137202d889671bee629e792655a133105710f5505c9f746c61e55e65df602a
680	skmul_randomTree_2	skmul_randomTree_2.csv	class	AutoClass	main	44	30000	1000	60	ef137202d889671bee629e792655a133105710f5505c9f746c61e55e65df602a
681	skmul_randomTree_2	skmul_randomTree_2.csv	class	ChaCha	main	42	30000	1000	60	ef137202d889671bee629e792655a133105710f5505c9f746c61e55e65df602a
682	skmul_randomTree_2	skmul_randomTree_2.csv	class	ChaCha	main	43	30000	1000	60	ef137202d889671bee629e792655a133105710f5505c9f746c61e55e65df602a
683	skmul_randomTree_2	skmul_randomTree_2.csv	class	ChaCha	main	44	30000	1000	60	ef137202d889671bee629e792655a133105710f5505c9f746c61e55e65df602a
684	skmul_randomTree_2	skmul_randomTree_2.csv	class	OAML	oaml	42	30000	1000	60	ef137202d889671bee629e792655a133105710f5505c9f746c61e55e65df602a
685	skmul_randomTree_2	skmul_randomTree_2.csv	class	OAML	oaml	43	30000	1000	60	ef137202d889671bee629e792655a133105710f5505c9f746c61e55e65df602a
686	skmul_randomTree_2	skmul_randomTree_2.csv	class	OAML	oaml	44	30000	1000	60	ef137202d889671bee629e792655a133105710f5505c9f746c61e55e65df602a
687	skmul_randomTree_2	skmul_randomTree_2.csv	class	EvoAutoML	evo	42	30000	1000	60	ef137202d889671bee629e792655a133105710f5505c9f746c61e55e65df602a
688	skmul_randomTree_2	skmul_randomTree_2.csv	class	EvoAutoML	evo	43	30000	1000	60	ef137202d889671bee629e792655a133105710f5505c9f746c61e55e65df602a
689	skmul_randomTree_2	skmul_randomTree_2.csv	class	EvoAutoML	evo	44	30000	1000	60	ef137202d889671bee629e792655a133105710f5505c9f746c61e55e65df602a
690	synth_RandomRBFDrift	synth_RandomRBFDrift.csv	class	AutoStreamML	main	42	30000	1000	60	77fdbbc0fe30f87319bf541710a8d7f81a359cff76e19ee531e7c7cdfde4e59a
691	synth_RandomRBFDrift	synth_RandomRBFDrift.csv	class	AutoStreamML	main	43	30000	1000	60	77fdbbc0fe30f87319bf541710a8d7f81a359cff76e19ee531e7c7cdfde4e59a
692	synth_RandomRBFDrift	synth_RandomRBFDrift.csv	class	AutoStreamML	main	44	30000	1000	60	77fdbbc0fe30f87319bf541710a8d7f81a359cff76e19ee531e7c7cdfde4e59a
693	synth_RandomRBFDrift	synth_RandomRBFDrift.csv	class	AutoClass	main	42	30000	1000	60	77fdbbc0fe30f87319bf541710a8d7f81a359cff76e19ee531e7c7cdfde4e59a
694	synth_RandomRBFDrift	synth_RandomRBFDrift.csv	class	AutoClass	main	43	30000	1000	60	77fdbbc0fe30f87319bf541710a8d7f81a359cff76e19ee531e7c7cdfde4e59a
695	synth_RandomRBFDrift	synth_RandomRBFDrift.csv	class	AutoClass	main	44	30000	1000	60	77fdbbc0fe30f87319bf541710a8d7f81a359cff76e19ee531e7c7cdfde4e59a
696	synth_RandomRBFDrift	synth_RandomRBFDrift.csv	class	ChaCha	main	42	30000	1000	60	77fdbbc0fe30f87319bf541710a8d7f81a359cff76e19ee531e7c7cdfde4e59a
697	synth_RandomRBFDrift	synth_RandomRBFDrift.csv	class	ChaCha	main	43	30000	1000	60	77fdbbc0fe30f87319bf541710a8d7f81a359cff76e19ee531e7c7cdfde4e59a
698	synth_RandomRBFDrift	synth_RandomRBFDrift.csv	class	ChaCha	main	44	30000	1000	60	77fdbbc0fe30f87319bf541710a8d7f81a359cff76e19ee531e7c7cdfde4e59a
699	synth_RandomRBFDrift	synth_RandomRBFDrift.csv	class	OAML	oaml	42	30000	1000	60	77fdbbc0fe30f87319bf541710a8d7f81a359cff76e19ee531e7c7cdfde4e59a
700	synth_RandomRBFDrift	synth_RandomRBFDrift.csv	class	OAML	oaml	43	30000	1000	60	77fdbbc0fe30f87319bf541710a8d7f81a359cff76e19ee531e7c7cdfde4e59a
701	synth_RandomRBFDrift	synth_RandomRBFDrift.csv	class	OAML	oaml	44	30000	1000	60	77fdbbc0fe30f87319bf541710a8d7f81a359cff76e19ee531e7c7cdfde4e59a
702	synth_RandomRBFDrift	synth_RandomRBFDrift.csv	class	EvoAutoML	evo	42	30000	1000	60	77fdbbc0fe30f87319bf541710a8d7f81a359cff76e19ee531e7c7cdfde4e59a
703	synth_RandomRBFDrift	synth_RandomRBFDrift.csv	class	EvoAutoML	evo	43	30000	1000	60	77fdbbc0fe30f87319bf541710a8d7f81a359cff76e19ee531e7c7cdfde4e59a
704	synth_RandomRBFDrift	synth_RandomRBFDrift.csv	class	EvoAutoML	evo	44	30000	1000	60	77fdbbc0fe30f87319bf541710a8d7f81a359cff76e19ee531e7c7cdfde4e59a
